generator,parent_bite_id,take,rms_position_error_m,rms_orientation_error_rad,final_position_error_m,path_length_absolute_error_m,mean_position_error_m,mean_orientation_error_rad
contextual_promp,trial_0012_bite_001,trial_0012,0.08176743553123536,0.43143899519802714,0.14556748008576925,0.05741421618742762,0.06842490720880591,0.3575336088619479
contextual_promp,trial_0012_bite_002,trial_0012,0.0772702490368069,0.17162922363412159,0.050848740326626354,0.03211300185018234,0.06971989753109017,0.15702093369655235
contextual_promp,trial_0012_bite_003,trial_0012,0.07865141417420976,0.3352697527091726,0.11551101230459572,0.048535817295079,0.06753813620637478,0.27547503491151853
contextual_promp,trial_0012_bite_004,trial_0012,0.05486071932455952,0.28547321397219333,0.04301356540865793,0.027648457827571526,0.048986307126159895,0.247688938422735
contextual_promp,trial_0012_bite_005,trial_0012,0.06762475900735422,0.4778345306091601,0.05444858072660898,0.023234708679541194,0.062314591221677734,0.4167693164679642
contextual_promp,trial_0012_bite_006,trial_0012,0.0640898413601122,0.5231900073626474,0.02756318907368179,0.02615440620113252,0.054394964520204744,0.44478980081846686
contextual_promp,trial_0012_bite_007,trial_0012,0.0667075057045943,0.38183114561054027,0.036681649074383496,0.03219347333478706,0.057405973015318815,0.33164609603428546
contextual_promp,trial_0012_bite_008,trial_0012,0.07906277246368176,0.2842696127510132,0.06026073348635484,0.034031699385776604,0.07052020225264269,0.25429588706608103
contextual_promp,trial_0012_bite_009,trial_0012,0.11433973340621012,0.3650041026636269,0.14441116357216133,0.1507526968639576,0.09478150541757412,0.304167145860615
contextual_promp,trial_0012_bite_010,trial_0012,0.06551583730633803,0.39463726993691717,0.07586858991514428,0.029959176190873127,0.05901888436479997,0.3500889597509002
contextual_promp,trial_0012_bite_011,trial_0012,0.1330220291843686,0.3762729838149743,0.11197060815076668,0.08610743821614836,0.11897054727492443,0.33338077028092017
contextual_promp,trial_0012_bite_012,trial_0012,0.06743653222135344,0.19873531462468508,0.10820609041069956,0.020947311919187694,0.06099320276189249,0.1706848379976325
contextual_promp,trial_0012_bite_013,trial_0012,0.050569015558654194,0.27739612331344077,0.07119877976941405,0.023303629324709085,0.0460969873509685,0.23897415107602027
contextual_promp,trial_0012_bite_014,trial_0012,0.08136744316243533,0.2830329338043126,0.10934319210517826,0.06461065628204499,0.07325525297715166,0.24122126455938453
contextual_promp,trial_0012_bite_015,trial_0012,0.0895631631617419,0.4382841579125081,0.13423181751603627,0.10059679407946559,0.08086877692277457,0.3594074426229169
contextual_promp,trial_0013_bite_001,trial_0013,0.07379123402965668,0.29124729944950734,0.12415247982000072,0.10760940242903264,0.0576655181096353,0.24470823593443974
contextual_promp,trial_0013_bite_002,trial_0013,0.07068927352956791,0.1818028271162575,0.03871118389864846,0.04825778042408352,0.0618998957528872,0.1610348174434259
contextual_promp,trial_0013_bite_003,trial_0013,0.0771264200835539,0.2783222085201446,0.10075091089427637,0.056708669530207256,0.0654734241296665,0.23133494244278488
contextual_promp,trial_0013_bite_004,trial_0013,0.05787275420004786,0.29291461809061914,0.09601134155545361,0.06748902917357613,0.04517321590662597,0.25245140571360736
contextual_promp,trial_0013_bite_005,trial_0013,0.10904339969801441,0.5665867421081131,0.14270915846789572,0.12735098468217124,0.09428331941234362,0.4887889512090786
contextual_promp,trial_0013_bite_006,trial_0013,0.09769396630620833,0.4392896774376865,0.13008399986123995,0.10396256466431134,0.08073141804522728,0.3445124371776686
contextual_promp,trial_0013_bite_007,trial_0013,0.06514244960816033,0.32410781645034803,0.03978737026925114,0.06596368927509932,0.059800755872558654,0.28597778263529827
contextual_promp,trial_0013_bite_008,trial_0013,0.06041765388909077,0.160992118155313,0.019174948075258623,0.019928610977991063,0.05100020134393549,0.1449993896248772
contextual_promp,trial_0013_bite_009,trial_0013,0.051025579644350075,0.26535437886683944,0.08763711601651801,0.04771921820388539,0.0450758430988316,0.2234486429355051
contextual_promp,trial_0013_bite_010,trial_0013,0.09345766192478575,0.4229881783097666,0.0944553784834623,0.10314481912051116,0.08272868561550592,0.35995982378612734
contextual_promp,trial_0013_bite_011,trial_0013,0.04517371748954157,0.17966028131178746,0.03374362597533419,0.06470143011357912,0.037735020149212005,0.15135646723075574
contextual_promp,trial_0013_bite_012,trial_0013,0.10261441016139325,0.40569087283996175,0.10794496433433541,0.10765241720022409,0.09363222142383956,0.3665007453598714
contextual_promp,trial_0014_bite_001,trial_0014,0.06052868374350605,0.34643247511468594,0.052461768951892016,0.027672025257908406,0.055662672946715355,0.3151302506655227
contextual_promp,trial_0014_bite_002,trial_0014,0.05456105917973168,0.27524781602573334,0.049348296252460816,0.015802023526321346,0.04838482194139801,0.2174676824159043
contextual_promp,trial_0014_bite_003,trial_0014,0.05913137154377917,0.32580746817022677,0.08634254114651353,0.040219489082172905,0.05257241554826457,0.27721346338636693
contextual_promp,trial_0014_bite_004,trial_0014,0.05528874201125889,0.1957616273830042,0.10005343996785991,0.028203418713426853,0.04717324285226851,0.16996464497692176
contextual_promp,trial_0014_bite_005,trial_0014,0.05949826884850397,0.184845603193397,0.08092002160369277,0.05352652026455665,0.04846688494123097,0.14109131516733203
contextual_promp,trial_0014_bite_006,trial_0014,0.027622827556899036,0.23177222736331762,0.0380384452964905,0.012376121828322706,0.024423451049789584,0.20069410576541977
contextual_promp,trial_0014_bite_007,trial_0014,0.06739486166307014,0.22797389949783844,0.090850405723176,0.03601785872480662,0.05393145356983894,0.18465799031152338
contextual_promp,trial_0014_bite_008,trial_0014,0.04889479835636656,0.20949331994740533,0.05273347712302187,0.0235272029435169,0.0446075430928968,0.17625251198982322
contextual_promp,trial_0014_bite_009,trial_0014,0.051685877970841516,0.19572046688871153,0.058894667654488364,0.04915002895520121,0.04534706641364588,0.1732441178253636
contextual_promp,trial_0014_bite_010,trial_0014,0.04978396938331996,0.27683142882667955,0.052214303543552,0.03496901823807885,0.04514352068878094,0.2555426846302557
contextual_promp,trial_0014_bite_011,trial_0014,0.05373096905122116,0.1317848150020121,0.04906412170952478,0.010481092883657478,0.04515244222556487,0.11546531766589849
contextual_promp,trial_0014_bite_012,trial_0014,0.03528619293883489,0.2427368590962614,0.05188471628519485,0.02038678792341972,0.031748421700752996,0.21255279657972231
contextual_promp,trial_0014_bite_013,trial_0014,0.03956599381938277,0.1838189313944099,0.0522092525535946,0.017360488889604453,0.03603617703294089,0.16893021487915383
contextual_promp,trial_0014_bite_014,trial_0014,0.08357239766073324,0.4586554669989602,0.06358587831956342,0.007971436184827818,0.07696633603481051,0.4299172417783069
contextual_promp,trial_0014_bite_015,trial_0014,0.06920314272232803,0.3913768843522059,0.06910929839157105,0.04148743188443438,0.062063394572219314,0.3533545839010488
contextual_promp,trial_0014_bite_016,trial_0014,0.08371952388452203,0.4031992630703335,0.1215024590622878,0.04536705444489547,0.06807437651906471,0.3530761256800867
contextual_promp,trial_0014_bite_017,trial_0014,0.0897919757991663,0.3852798145413055,0.12324082368797182,0.03343791653267583,0.07953239194992698,0.3391279174476387
contextual_promp,trial_0014_bite_018,trial_0014,0.07368393405229444,0.2217940913879053,0.10951715785599296,0.012948579496521895,0.060751205057079066,0.19237549749323174
contextual_promp,trial_0014_bite_019,trial_0014,0.05356837516825674,0.20005182334614052,0.08151952087268724,0.021074270648801158,0.04445366152344284,0.1771115143623325
contextual_promp,trial_0014_bite_020,trial_0014,0.12767643373045487,0.5031362909547329,0.13535938574042172,0.029955626041808042,0.1059133943574747,0.4503393948253993
contextual_promp,trial_0014_bite_021,trial_0014,0.035176383244242604,0.15538700098787794,0.042290549946006686,0.012315323444073795,0.030715904183191138,0.14101017200054483
contextual_promp,trial_0015_bite_001,trial_0015,0.07547444570791373,0.34304234317748794,0.10221711083553123,0.03820718901867873,0.06721006403761606,0.29838273647344304
contextual_promp,trial_0015_bite_002,trial_0015,0.04838504099997499,0.3254656099756976,0.05853428293192053,0.03709045442085679,0.04152726279168798,0.27197947124403543
contextual_promp,trial_0015_bite_003,trial_0015,0.06484815007746056,0.3499982302616529,0.08493519904312248,0.02819197446565061,0.05960439653051153,0.29968897076813483
contextual_promp,trial_0015_bite_004,trial_0015,0.0648124707045082,0.2666958494776225,0.08178576500904274,0.028257323806913398,0.057631598053871476,0.21491694556389823
contextual_promp,trial_0015_bite_005,trial_0015,0.04146190188086843,0.377919802847546,0.0663341270530134,0.027667366927124903,0.03773057298530221,0.33284694674958804
contextual_promp,trial_0015_bite_006,trial_0015,0.0745749668998727,0.40405707987660977,0.10537516368641739,0.055913655655305206,0.0671664526049742,0.3264997508543431
contextual_promp,trial_0015_bite_007,trial_0015,0.06608486988417665,0.26467133185909575,0.1167991799410169,0.030679017778851153,0.056229694847764924,0.2158991274343682
contextual_promp,trial_0015_bite_008,trial_0015,0.11183984564692054,0.5189759138390644,0.18674946480166588,0.024577077919643697,0.09496772732370547,0.4258512665852153
contextual_promp,trial_0015_bite_009,trial_0015,0.08468186317442086,0.49979816355076845,0.11140595552501037,0.0993285587487219,0.07382477685505327,0.42204007122018417
contextual_promp,trial_0015_bite_010,trial_0015,0.08849605403690375,0.5166232166672025,0.10638416849831858,0.07884597172997743,0.0805757249339285,0.4631407296035568
contextual_promp,trial_0015_bite_011,trial_0015,0.06511268228245945,0.3682461019060066,0.08189422568991526,0.03395776921666621,0.05860713607126328,0.32094810947241753
contextual_promp,trial_0015_bite_012,trial_0015,0.07376736935180095,0.5119308776736472,0.12175673047793284,0.027729205236733834,0.0637253310682275,0.42524095088324354
contextual_promp,trial_0015_bite_013,trial_0015,0.1103034688565468,0.40991414221795425,0.15450411540148273,0.11594836686685331,0.08826809554198986,0.33398316865082533
contextual_promp,trial_0015_bite_014,trial_0015,0.1101398514440802,0.5421226830820954,0.20419361258040572,0.10759340439608459,0.0882410504559423,0.428366604874185
contextual_promp,trial_0015_bite_015,trial_0015,0.0942363581351285,0.4636336909409452,0.16267326481975847,0.10268140901046988,0.07679485071109958,0.390260145208949
contextual_promp,trial_0015_bite_016,trial_0015,0.09670785859883532,0.41369415543039184,0.16047809326922952,0.07915512344643941,0.07663858489831647,0.3382787371216647
contextual_promp,trial_0015_bite_017,trial_0015,0.07803577067961068,0.4566774237628264,0.11933513920870156,0.06670627871102333,0.06595184510828228,0.3996194183863976
contextual_promp,trial_0015_bite_018,trial_0015,0.08231938246342262,0.3237218174223908,0.12596077100643424,0.08817777082230321,0.06952347768096186,0.2682341728005678
contextual_promp,trial_0015_bite_019,trial_0015,0.06445701887293341,0.38973859242610354,0.11113694309601407,0.051966937131621954,0.05817666993199331,0.32565868371825724
contextual_promp,trial_0017_bite_001,trial_0017,0.06619994615882088,0.26626944859826274,0.07966895150410323,0.07082800235525544,0.057804053147285886,0.2391503955805093
contextual_promp,trial_0017_bite_002,trial_0017,0.05170861741091262,0.21920391792321586,0.026022223959742095,0.03791344918101086,0.043549494118734225,0.19423072421389143
contextual_promp,trial_0017_bite_003,trial_0017,0.0346188415859611,0.24776484934941034,0.04336131959237949,0.07883621062772009,0.03178789698533858,0.22251951008233428
contextual_promp,trial_0017_bite_004,trial_0017,0.07902365358118663,0.3189873131051324,0.08463066160009552,0.05142795753224699,0.06385425099050832,0.28283477150446584
contextual_promp,trial_0017_bite_005,trial_0017,0.08273206846872538,0.4387062121329604,0.1137780416082672,0.11920346029023837,0.06953389535390339,0.37430934517865594
contextual_promp,trial_0017_bite_006,trial_0017,0.059238050412511595,0.2956087252012532,0.06877148680265296,0.03844958189870476,0.053089178228641114,0.2518919335408354
contextual_promp,trial_0017_bite_007,trial_0017,0.04258600703283553,0.21606623435215944,0.047158746281094815,0.02791762331480549,0.037743495338404716,0.19594654848463777
contextual_promp,trial_0017_bite_008,trial_0017,0.04828561774789625,0.19876201564595292,0.022932256983293473,0.05760576043954549,0.04032231084043843,0.17055395426557576
contextual_promp,trial_0017_bite_009,trial_0017,0.07065291888272852,0.1739214809714788,0.054748836291481265,0.09057409339895076,0.057466757716164926,0.15565062146901557
contextual_promp,trial_0017_bite_010,trial_0017,0.04891826997151006,0.30192935252376973,0.058024428511876766,0.03114508331087179,0.044823601888314524,0.25456334782756007
contextual_promp,trial_0017_bite_011,trial_0017,0.03610337219322243,0.15332961251143262,0.024210853323413665,0.05470745814800457,0.03184549787618917,0.1438754401695762
contextual_promp,trial_0017_bite_012,trial_0017,0.048685252914640986,0.16200396017887053,0.04565734183374168,0.0327708158014213,0.0411130385844924,0.1452756137075314
contextual_promp,trial_0017_bite_013,trial_0017,0.09275815331203308,0.18240420949136746,0.028860663049593713,0.03256321603566034,0.07330380943623818,0.15816472523719097
contextual_promp,trial_0017_bite_014,trial_0017,0.04928434067833286,0.29059041324464346,0.015467172533375168,0.06495392716985754,0.03979312858560717,0.25517668393268456
contextual_promp,trial_0017_bite_015,trial_0017,0.07271301185362382,0.40631071343485237,0.10066438265568586,0.08607130559022394,0.06265815806909354,0.3349727214719932
contextual_promp,trial_0019_bite_001,trial_0019,0.04030822442567597,0.22890544620662404,0.034878152295396356,0.040660357652497175,0.03577666054734259,0.21567967288387524
contextual_promp,trial_0019_bite_002,trial_0019,0.05413500471595093,0.33923687649301276,0.07585306308756634,0.04301924065557092,0.04887342968767136,0.29053087973200575
contextual_promp,trial_0019_bite_003,trial_0019,0.07493284763152373,0.46998981422205166,0.08184582614103407,0.017387831863600683,0.06793354955753604,0.4019318135441854
contextual_promp,trial_0019_bite_004,trial_0019,0.055501546958081745,0.3013019106643172,0.04420431791890096,0.07403969226971185,0.04698641020963924,0.2696575533502113
contextual_promp,trial_0019_bite_005,trial_0019,0.0760637935331648,0.5656366591030689,0.08077606516314413,0.024779470048906543,0.06547594389779339,0.47303756010959436
contextual_promp,trial_0019_bite_006,trial_0019,0.07086850902302269,0.5199851467650306,0.06143609256489649,0.029310149370561644,0.06561595960501548,0.46081905739090046
contextual_promp,trial_0019_bite_007,trial_0019,0.06958643833210651,0.669306153965093,0.06416817979490146,0.04812776446093195,0.06446373009340939,0.6166520325556999
contextual_promp,trial_0019_bite_008,trial_0019,0.033632624920589965,0.2539547374765734,0.03744418121709438,0.0424029151113951,0.03065121648742916,0.21176462284628167
contextual_promp,trial_0019_bite_009,trial_0019,0.06520507747445675,0.4624676587833011,0.08387142369698501,0.04973385107022113,0.057963035500590704,0.38653600344283173
contextual_promp,trial_0019_bite_010,trial_0019,0.03769044073051004,0.27717088519234806,0.036819061538883084,0.0357516158737938,0.03381693342317832,0.23925542340598388
contextual_promp,trial_0019_bite_011,trial_0019,0.0523581479282534,0.23028543831097126,0.04959954150785918,0.045352082038782576,0.04421199671548378,0.19510267850130986
contextual_promp,trial_0019_bite_012,trial_0019,0.07758729182636878,0.2533939028390633,0.029127119807034564,0.11236767063686029,0.06402247125596801,0.23035819728000834
contextual_promp,trial_0019_bite_013,trial_0019,0.06393751110608695,0.1482992392185581,0.04589328213812173,0.08864964139155887,0.05438527801746681,0.12905016409513678
contextual_promp,trial_0019_bite_014,trial_0019,0.07851543819174576,0.2978048680940734,0.1101083140073775,0.07022867802979907,0.06491856204904625,0.25320961825940774
contextual_promp,trial_0019_bite_015,trial_0019,0.08856757166315413,0.3292031234455157,0.08520663630134445,0.058611198678171245,0.07427574545473067,0.2847201157321449
contextual_promp,trial_0019_bite_016,trial_0019,0.06166168806898348,0.17730349088698244,0.06334843756670036,0.08573060820275227,0.05447072877571222,0.15862917744533528
contextual_promp,trial_0019_bite_017,trial_0019,0.04441491599239671,0.252161866928989,0.034478995340811176,0.05926949596594874,0.0381426752484431,0.2146177136137863
contextual_promp,trial_0019_bite_018,trial_0019,0.030494714239308496,0.1493132840416,0.04776364417752856,0.05386332300491933,0.02678989533355678,0.13354769459117222
contextual_promp,trial_0019_bite_019,trial_0019,0.032646014443707114,0.10835919865275209,0.034047712200242476,0.022770807469953663,0.02770505297088796,0.10058539894419462
contextual_promp,trial_0019_bite_020,trial_0019,0.046281785109358604,0.3615573933244718,0.036531650707903145,0.09298608981279063,0.03870183236346102,0.30433414199964415
contextual_promp,trial_0019_bite_021,trial_0019,0.05966707661614966,0.35562993628191397,0.06360886288616012,0.11368987148187593,0.05025425740491665,0.322878481958451
contextual_promp,trial_0019_bite_022,trial_0019,0.057370306447802714,0.3151491495966922,0.0663187671535089,0.06255094572185399,0.04919879655895257,0.2768305316228926
contextual_promp,trial_0019_bite_023,trial_0019,0.04107062988134574,0.29406081722625316,0.04441451453258502,0.06729658422380205,0.03713098637000002,0.26533613062107586
contextual_promp,trial_0019_bite_024,trial_0019,0.05076099908650862,0.3815470106561967,0.0629643663279284,0.052724623021592504,0.04349331996551648,0.31067441101568344
contextual_promp,trial_0019_bite_025,trial_0019,0.06699379595347825,0.29568296084665624,0.078564941022964,0.0627189637313387,0.06181033043269302,0.2740487481777334
contextual_promp,trial_0019_bite_026,trial_0019,0.08517313477679722,0.5080206798371683,0.08705688053609421,0.08066102055492569,0.0706832083307289,0.4248237933485737
contextual_promp,trial_0020_bite_001,trial_0020,0.06017851361534085,0.3060095044034819,0.0786986340733309,0.04721324560686818,0.04880900904917772,0.261282783220798
contextual_promp,trial_0020_bite_002,trial_0020,0.0836730546663855,0.42723952201990734,0.12878734042362427,0.05978362511631488,0.06486592035953384,0.33757333199630446
contextual_promp,trial_0020_bite_003,trial_0020,0.06078213888810234,0.3040019440641057,0.07511690835912108,0.014314713275746876,0.054979393161780084,0.22850304370104146
contextual_promp,trial_0020_bite_004,trial_0020,0.06412120010758177,0.4191942223721921,0.06764045259134953,0.0470623694522852,0.05753322952351966,0.35635341643596585
contextual_promp,trial_0020_bite_005,trial_0020,0.06979429938989058,0.26941301199854073,0.06971324971176368,0.04407716175447737,0.05786103253622717,0.19847208911930966
contextual_promp,trial_0020_bite_006,trial_0020,0.04447247525668621,0.229184223517867,0.07667991988533551,0.06946725368174966,0.03478579197788895,0.1749004976832184
contextual_promp,trial_0020_bite_007,trial_0020,0.053445312224103876,0.27140570535446973,0.08018486697623695,0.024036779679620424,0.04624438437977192,0.2054843960496064
contextual_promp,trial_0020_bite_008,trial_0020,0.0732024345301117,0.4087306546756141,0.0978391793887417,0.011046014089313189,0.06197157566756506,0.32359870148123693
contextual_promp,trial_0020_bite_009,trial_0020,0.07447844480109146,0.3012478006448632,0.07406424061942621,0.0185945340099338,0.06545787376692466,0.2548347377279334
contextual_promp,trial_0020_bite_010,trial_0020,0.07324848833450766,0.36168915837064597,0.1125153340802044,0.057494272917577416,0.06141256018777398,0.29039183410370834
contextual_promp,trial_0020_bite_011,trial_0020,0.08284377468657983,0.43898697001625736,0.11167276700685413,0.030017706552760065,0.06726783880547713,0.35832347485908783
contextual_promp,trial_0020_bite_012,trial_0020,0.08666760391380966,0.43267126447041937,0.11645037502097126,0.022416877932618345,0.07230742693801424,0.35746306333807076
contextual_promp,trial_0020_bite_013,trial_0020,0.07179017710943614,0.38935184117027166,0.08635983132017153,0.027272879692485708,0.05994553675206686,0.32646422146130394
contextual_promp,trial_0020_bite_014,trial_0020,0.08716700837007146,0.3868397034465368,0.13398978957200045,0.029761665089737682,0.06978141940841374,0.3027118778193415
contextual_promp,trial_0020_bite_015,trial_0020,0.10983883661142987,0.2585660559031502,0.11420302286561104,0.053622060986364156,0.0903692967026111,0.1989735284466027
contextual_promp,trial_0020_bite_016,trial_0020,0.04244997576961388,0.18594224395075612,0.04498925676893191,0.01564940967418832,0.03802805071570723,0.16145869900923443
contextual_promp,trial_0020_bite_017,trial_0020,0.06934386756741062,0.2716338460719658,0.08276788492080556,0.00607707330498225,0.05888461701688921,0.22025436512243782
contextual_promp,trial_0020_bite_018,trial_0020,0.08650110340252087,0.19198331590608175,0.09157914626124583,0.03915687790977365,0.07318112003850322,0.15682291199424464
contextual_promp,trial_0020_bite_019,trial_0020,0.08289946769008404,0.3940620899694441,0.08208344266929603,0.022752812867569527,0.07100188141248275,0.35902707887798996
retrieval,trial_0012_bite_001,trial_0012,0.08635670461674108,0.46159875085238017,0.1666495328823804,0.05778445812281385,0.06690663543895492,0.38370020955733164
retrieval,trial_0012_bite_002,trial_0012,0.11613897643530935,0.4611974742548104,0.08736343687603895,0.036913819548385324,0.1034520034249033,0.4125838419890321
retrieval,trial_0012_bite_003,trial_0012,0.08880656809441895,0.4535555257741421,0.08520840468303759,0.01733075699235498,0.0807764811741731,0.39351785746368495
retrieval,trial_0012_bite_004,trial_0012,0.05039088442129566,0.25023286534155575,0.06125748135086388,0.0289383473855801,0.04621461553950041,0.2214700677389755
retrieval,trial_0012_bite_005,trial_0012,0.09241870242287409,0.5271178553117517,0.04597789205512663,0.026802913995355282,0.08167904055748482,0.4529945813100664
retrieval,trial_0012_bite_006,trial_0012,0.0779162882029748,0.6355690732737143,0.046546561659255976,0.024665590403890603,0.06757332541020658,0.5348800149029829
retrieval,trial_0012_bite_007,trial_0012,0.05957532286341521,0.2763157967870316,0.04307568988340171,0.05167443772381031,0.05304524784563086,0.24615173996724687
retrieval,trial_0012_bite_008,trial_0012,0.09027908997952216,0.23039791487256506,0.061719096360156635,0.011537228012940048,0.07712648994765509,0.21369568885265636
retrieval,trial_0012_bite_009,trial_0012,0.126919986400566,0.5983318474672327,0.1261651009199946,0.13255281681051628,0.10586312687737123,0.5067105553332489
retrieval,trial_0012_bite_010,trial_0012,0.07838884509247501,0.3219290120488352,0.08595339043314563,0.028442827104439072,0.07081325761237031,0.27824826218175713
retrieval,trial_0012_bite_011,trial_0012,0.14781521092521255,0.5614083238674548,0.13069205953112303,0.08972550973707538,0.13054382781405854,0.4912600089125967
retrieval,trial_0012_bite_012,trial_0012,0.07696656717445179,0.25674541111189136,0.09170190007852787,0.01971540033478797,0.07018707150384389,0.22676537183998074
retrieval,trial_0012_bite_013,trial_0012,0.059520254290150135,0.2509280915568629,0.03302011918309914,0.044597952740737135,0.052729139468986545,0.22101052049208014
retrieval,trial_0012_bite_014,trial_0012,0.07253312753582652,0.2548299449496326,0.03143371694348,0.016594347225252326,0.06290824886166363,0.22911281817386198
retrieval,trial_0012_bite_015,trial_0012,0.15082811724877687,0.718074925251333,0.16536359901409836,0.12895577660910168,0.13049135427085287,0.615999353398779
retrieval,trial_0013_bite_001,trial_0013,0.14469394973418664,0.6361702375436642,0.22684874206699948,0.17068976472279818,0.11476959725428526,0.5507814981234125
retrieval,trial_0013_bite_002,trial_0013,0.05514642135557372,0.28786010736053663,0.053414973059783044,0.03763210840060946,0.04827752382859031,0.22870697528772843
retrieval,trial_0013_bite_003,trial_0013,0.09268326573339569,0.5547209945181574,0.13442930013791396,0.026991864940920374,0.07834569651343648,0.46792977850022854
retrieval,trial_0013_bite_004,trial_0013,0.041822195743074775,0.11876478198453805,0.052204167263226256,0.012647075254442197,0.036773985173730386,0.1061221428728142
retrieval,trial_0013_bite_005,trial_0013,0.13502362321940517,0.6593612237686017,0.1906461573630858,0.046672378818671145,0.11472204671436512,0.5676856366140279
retrieval,trial_0013_bite_006,trial_0013,0.115805367518989,0.6210005189711819,0.16078677734978916,0.07635156298011167,0.09507842401283229,0.4573548354922631
retrieval,trial_0013_bite_007,trial_0013,0.07061966784208212,0.30051898203563,0.054881132520122514,0.03443890072266309,0.06291730313046737,0.23913468122786777
retrieval,trial_0013_bite_008,trial_0013,0.07150648995909828,0.20014210954873318,0.05131880301104373,0.08629858817426872,0.06353705371331458,0.17649293868236243
retrieval,trial_0013_bite_009,trial_0013,0.08128236510551987,0.3353663094323472,0.1156068097874481,0.08547942724736893,0.07295786839117524,0.28844505152620725
retrieval,trial_0013_bite_010,trial_0013,0.08001477598678074,0.43349601099836754,0.08467349552815764,0.09078945442877484,0.0714926549229263,0.3857396864790429
retrieval,trial_0013_bite_011,trial_0013,0.07109101056237777,0.23682800973793255,0.08316851023718684,0.015514830714041306,0.06173478150868808,0.20446533246892867
retrieval,trial_0013_bite_012,trial_0013,0.1455413348297211,0.6679296823130602,0.1944616879217454,0.09719467822668976,0.12866034037220475,0.5903926104892928
retrieval,trial_0014_bite_001,trial_0014,0.08005325243965815,0.19461944382147872,0.1037669904468296,0.09866292180874964,0.07107745852871333,0.18000163186249918
retrieval,trial_0014_bite_002,trial_0014,0.06385921044374837,0.30856985122441105,0.04620476839191239,0.019874352333161177,0.0583389249242667,0.2535817411612825
retrieval,trial_0014_bite_003,trial_0014,0.08350601935417831,0.4517675180291648,0.0977468001515101,0.008132358236623421,0.07540286938885661,0.399767822517713
retrieval,trial_0014_bite_004,trial_0014,0.07616850712573867,0.23643178990518182,0.13092831446171263,0.08090132819795479,0.06105730382301913,0.2023030594886725
retrieval,trial_0014_bite_005,trial_0014,0.06911350241246247,0.16028336297739548,0.05312196790272723,0.07306037042775038,0.058237577660543036,0.1417631248178349
retrieval,trial_0014_bite_006,trial_0014,0.044609159639319496,0.1662815489229092,0.05865268040847019,0.04684579341919087,0.04117368712610686,0.1489479677105289
retrieval,trial_0014_bite_007,trial_0014,0.08120480047736754,0.2623222744863935,0.11742951477079273,0.05291181631158701,0.06214029461850208,0.21574104006874567
retrieval,trial_0014_bite_008,trial_0014,0.060204470146101016,0.5618591653153776,0.03108894209869436,0.0537809342566167,0.05475778677181045,0.49566491016498415
retrieval,trial_0014_bite_009,trial_0014,0.054176321918777276,0.25431841648720255,0.05050588790998285,0.10754444009774475,0.05059638621684977,0.20724674824905331
retrieval,trial_0014_bite_010,trial_0014,0.03936080674597424,0.38346848333068395,0.03472686499460875,0.053352443114789455,0.03471717996110285,0.3432115589721185
retrieval,trial_0014_bite_011,trial_0014,0.06526448989963099,0.43386489618134993,0.045114042993426966,0.03213649796912113,0.056144566646295774,0.35683436685921543
retrieval,trial_0014_bite_012,trial_0014,0.05439859297860326,0.30689374616571236,0.06104688488789449,0.07576983235677462,0.047901664556221246,0.25908479142594265
retrieval,trial_0014_bite_013,trial_0014,0.05719805698643327,0.21126630726961737,0.08441010778865167,0.09529546125077526,0.05208495489528038,0.1933032910164148
retrieval,trial_0014_bite_014,trial_0014,0.06474316664454355,0.4553659382109623,0.014495031558335213,0.030059317061844365,0.05159493894103788,0.4176187910532466
retrieval,trial_0014_bite_015,trial_0014,0.0724239150657436,0.3560455134242784,0.08089675329766004,0.03971362494247574,0.06438244307119154,0.3232964859597868
retrieval,trial_0014_bite_016,trial_0014,0.12887104122635185,0.6201405091193554,0.22007325592391722,0.1305953855812985,0.1010592515689129,0.5308922514035961
retrieval,trial_0014_bite_017,trial_0014,0.11465870573579187,0.46289293964997796,0.16625546373743014,0.08941124764812719,0.0958751978447262,0.4068707510045012
retrieval,trial_0014_bite_018,trial_0014,0.1024988484788445,0.449191218241525,0.17095382250352467,0.05563717002668728,0.07790239830689338,0.35467554646661453
retrieval,trial_0014_bite_019,trial_0014,0.10405773521813104,0.42500608185880484,0.16153406606858867,0.08528590622449314,0.08038549819864535,0.3670699897815355
retrieval,trial_0014_bite_020,trial_0014,0.11138269050422868,0.5230125165172754,0.145136141397876,0.025503760109492096,0.09360188350837326,0.4577998997982581
retrieval,trial_0014_bite_021,trial_0014,0.056181116357552865,0.22046301266364787,0.08434192571581693,0.07213193040071153,0.044855054336015686,0.19591914374882255
retrieval,trial_0015_bite_001,trial_0015,0.08885816822134127,0.5779043797504303,0.10800057286575207,0.061882918079635835,0.08064365293068217,0.4952636796807435
retrieval,trial_0015_bite_002,trial_0015,0.11305812205516234,0.5769516666919468,0.0924286044516644,0.06740041457665186,0.09999840152797287,0.5016742767712862
retrieval,trial_0015_bite_003,trial_0015,0.11129748361130057,0.6195330756337647,0.11236462251021466,0.08312442165975328,0.09708106881684603,0.5377570811404399
retrieval,trial_0015_bite_004,trial_0015,0.04757281835014254,0.32602656508270184,0.0685474868815297,0.04018167809490719,0.04154743501043265,0.2667200299915244
retrieval,trial_0015_bite_005,trial_0015,0.06481285415926333,0.403976524965068,0.10178293332326563,0.08403835019790279,0.05839560612454703,0.35155345305906716
retrieval,trial_0015_bite_006,trial_0015,0.0909589247736273,0.612961785773961,0.10098497218314707,0.02071872699775404,0.08357068065817946,0.5266346815289349
retrieval,trial_0015_bite_007,trial_0015,0.082027844608439,0.33032303424124604,0.14905048334721038,0.045016014301897195,0.062477883443654694,0.2632864876361174
retrieval,trial_0015_bite_008,trial_0015,0.11398005519161697,0.654167610282935,0.17996697300428388,0.056693396784371825,0.09507567977914486,0.544925589532028
retrieval,trial_0015_bite_009,trial_0015,0.09302540640791772,0.7227783697597641,0.11772839533132344,0.13188740143955874,0.07823842088950711,0.6063115370067554
retrieval,trial_0015_bite_010,trial_0015,0.09374219071150036,0.5653390128167964,0.13557795606863604,0.0926029880027574,0.08370477806712583,0.4949812420718819
retrieval,trial_0015_bite_011,trial_0015,0.08338405262607645,0.30647996438534053,0.14023179246430634,0.06529739500524942,0.0730440072074711,0.2632834899349098
retrieval,trial_0015_bite_012,trial_0015,0.09365650313058499,0.7415352515366449,0.13536326330759496,0.0398636985083789,0.08392925114131121,0.6408625069736984
retrieval,trial_0015_bite_013,trial_0015,0.08210132029059586,0.3644457130519619,0.11361038803197337,0.10531174636389895,0.06788041565214349,0.314649782996501
retrieval,trial_0015_bite_014,trial_0015,0.11407548068043036,0.5517296248163253,0.20537166267108237,0.11392730172886104,0.08744149112618838,0.443117658580754
retrieval,trial_0015_bite_015,trial_0015,0.12619002693257517,0.4865833346072518,0.18765626677663644,0.07933420446230427,0.10151612437430252,0.4252876940229229
retrieval,trial_0015_bite_016,trial_0015,0.11129081935712637,0.46595529293651694,0.20387523732677046,0.08795089656604138,0.08776865347795948,0.3972629069823728
retrieval,trial_0015_bite_017,trial_0015,0.11408645366636946,0.5581623145960383,0.1601033876665533,0.06867067407933591,0.09613914790677355,0.49112699864279946
retrieval,trial_0015_bite_018,trial_0015,0.07567049222785784,0.3059270538122865,0.14287944107353054,0.04719623730041103,0.06049742870195098,0.2642172505672097
retrieval,trial_0015_bite_019,trial_0015,0.07631143871870216,0.3942355430446236,0.13127143256328314,0.017621229109235775,0.06282890559265278,0.33185891351574615
retrieval,trial_0017_bite_001,trial_0017,0.08349037008073057,0.3693840962616839,0.07490581903800524,0.07766593879279016,0.07353665446590274,0.331477284647832
retrieval,trial_0017_bite_002,trial_0017,0.08380587304152565,0.5281025338315293,0.04698013353645363,0.010883147244119401,0.07430955064667236,0.44954320389740704
retrieval,trial_0017_bite_003,trial_0017,0.09857778111976229,0.4541120633983014,0.15106334240133942,0.03824970332876562,0.08305902700662747,0.34566982050722794
retrieval,trial_0017_bite_004,trial_0017,0.08869398634388942,0.3123248355550582,0.053283304750582274,0.024306183727714675,0.07749585486149001,0.26579705429193284
retrieval,trial_0017_bite_005,trial_0017,0.07552191006270621,0.27339193438959175,0.057125793633810124,0.06961576507414968,0.06795300286986156,0.24829639760798877
retrieval,trial_0017_bite_006,trial_0017,0.08625250999824902,0.41185869260587077,0.08483978239035651,0.017681076887105768,0.07882463047683978,0.35379292348206076
retrieval,trial_0017_bite_007,trial_0017,0.05741728888457821,0.3614604127870714,0.08009844118431197,0.022239998741694494,0.04901691918128853,0.3006013826687076
retrieval,trial_0017_bite_008,trial_0017,0.10993688781549463,0.5479062605390157,0.09321462201328573,0.043873168597351714,0.09206294714067259,0.4126543292352777
retrieval,trial_0017_bite_009,trial_0017,0.08872925897287981,0.2656838204408125,0.08394184994696277,0.06866405506018766,0.07772477686414836,0.24079128987601567
retrieval,trial_0017_bite_010,trial_0017,0.03815551161956591,0.13709839343188648,0.03095903559692646,0.018947315544824456,0.0338454198225563,0.12188502165078269
retrieval,trial_0017_bite_011,trial_0017,0.04864612071299934,0.2757349984470753,0.04745266329231893,0.029663227199744707,0.04497590348979112,0.2517173852886705
retrieval,trial_0017_bite_012,trial_0017,0.05264389209570587,0.25690910818818546,0.05536104065524233,0.01967362756683197,0.04674525725254093,0.23289669456380677
retrieval,trial_0017_bite_013,trial_0017,0.11195475812405095,0.2088049334445422,0.05140153014336203,0.035894179092896245,0.09280438425875204,0.18076033004122957
retrieval,trial_0017_bite_014,trial_0017,0.07146565945936473,0.45712965931417693,0.03819797083550906,0.020801363304115666,0.059052047241649794,0.38503946112283094
retrieval,trial_0017_bite_015,trial_0017,0.09622721102044736,0.5513325851859691,0.1284978384646931,0.07936160371062842,0.08066570509816481,0.46081782862183085
retrieval,trial_0019_bite_001,trial_0019,0.07886800417000046,0.27121780789755845,0.07791499442923086,0.1086026763149465,0.06840965141788548,0.25286331450498134
retrieval,trial_0019_bite_002,trial_0019,0.09967182489291533,0.42882895471860016,0.06111340323197096,0.026681756780591703,0.07912719859941265,0.36026349617341913
retrieval,trial_0019_bite_003,trial_0019,0.1341234544430147,0.5362542346772061,0.05813435160857243,0.05222329244158719,0.11254503709758237,0.4553286448618226
retrieval,trial_0019_bite_004,trial_0019,0.06267731101780624,0.4012381012167333,0.07475446392920229,0.032358882985125736,0.05617136861474192,0.34391572370604506
retrieval,trial_0019_bite_005,trial_0019,0.06824117566002304,0.3117883957086125,0.04994999183157718,0.07905582375406886,0.05537616741781473,0.26260224341089405
retrieval,trial_0019_bite_006,trial_0019,0.10545271875773027,0.5042129943145471,0.06481929176561595,0.025460057650236484,0.09429453860134351,0.449659840733386
retrieval,trial_0019_bite_007,trial_0019,0.08014508854766489,0.6772464457065974,0.050363744193667445,0.05860894577442638,0.0726359579080752,0.6026284087396376
retrieval,trial_0019_bite_008,trial_0019,0.07927257167162603,0.5259419517174231,0.059509517603259024,0.0805917874798896,0.06366097092486495,0.430141205074612
retrieval,trial_0019_bite_009,trial_0019,0.06936717177619423,0.4106693091360347,0.05877654606021633,0.05477691452777597,0.061271684617081434,0.3575761677592377
retrieval,trial_0019_bite_010,trial_0019,0.08123342430642572,0.5082647056219045,0.061026724680471295,0.0640999588868563,0.07096912823333254,0.4304330888084176
retrieval,trial_0019_bite_011,trial_0019,0.08562059515574474,0.48892493284370203,0.08500047213604113,0.07025327818566798,0.07404638269377936,0.4153837356863578
retrieval,trial_0019_bite_012,trial_0019,0.09774535261483738,0.37695691105589363,0.07751504816634296,0.05375738738942734,0.08705244157214605,0.31005567280585067
retrieval,trial_0019_bite_013,trial_0019,0.08601941028964519,0.15474432947023303,0.024960876402069142,0.08755225422393556,0.07101010458805265,0.1271686241682609
retrieval,trial_0019_bite_014,trial_0019,0.07643941842736655,0.3121366875392203,0.08305490967664289,0.07738174203085962,0.07037401627633293,0.27689759996931274
retrieval,trial_0019_bite_015,trial_0019,0.12227087372151987,0.3748526161906705,0.1049127079851321,0.055808829814363664,0.10179774509634132,0.2883481183523053
retrieval,trial_0019_bite_016,trial_0019,0.07809067267287449,0.1921228770341319,0.07584551595373441,0.07843832651273111,0.06875915729458887,0.17513084189886957
retrieval,trial_0019_bite_017,trial_0019,0.07984459569905532,0.2892959841852814,0.0669964402217818,0.05962276384934995,0.06711710428679694,0.24195623778019393
retrieval,trial_0019_bite_018,trial_0019,0.06962172971968317,0.24202909155532282,0.0720217611980896,0.02305413896829317,0.06055780584620567,0.20594821488099685
retrieval,trial_0019_bite_019,trial_0019,0.0540074642844342,0.1318845584429637,0.045331287778677745,0.028591913330266838,0.04538067381702707,0.11924872999675434
retrieval,trial_0019_bite_020,trial_0019,0.06351174529551465,0.5519013751102381,0.0446163410909797,0.059563081817557595,0.05457330769918903,0.4623976509535428
retrieval,trial_0019_bite_021,trial_0019,0.09234754750489266,0.3914690715979605,0.09786408535203749,0.017652901726756404,0.07723657933389849,0.3278800623128612
retrieval,trial_0019_bite_022,trial_0019,0.08448899913035562,0.3430290069629913,0.09308337465760991,0.09204454599462983,0.06971825716429118,0.26611197459875613
retrieval,trial_0019_bite_023,trial_0019,0.05292798723523283,0.27722667646910504,0.06352641119936951,0.05776612162316444,0.048033359077417105,0.2495208311071555
retrieval,trial_0019_bite_024,trial_0019,0.06886352646076288,0.35844116812703736,0.06168744239306548,0.06585610095976849,0.05955679933057385,0.305962195023156
retrieval,trial_0019_bite_025,trial_0019,0.11139101035982482,0.45873393856091293,0.13188160990727985,0.10497678217018605,0.09998809306115339,0.39830982797463965
retrieval,trial_0019_bite_026,trial_0019,0.12919481830378354,0.6435047121954095,0.11292966589312814,0.10447046313752181,0.10876120150407483,0.5696356511757369
retrieval,trial_0020_bite_001,trial_0020,0.03926475884344835,0.13490364507987285,0.04918343705612177,0.0156328098448964,0.03469203424661745,0.12119641702966205
retrieval,trial_0020_bite_002,trial_0020,0.06825759135810626,0.2512896396301303,0.07467210355970563,0.015172980284400284,0.059754751194648514,0.22043963789966542
retrieval,trial_0020_bite_003,trial_0020,0.11306059238335746,0.6174591839232765,0.15672611696834526,0.08668312658007438,0.09603472120201047,0.47040108633105737
retrieval,trial_0020_bite_004,trial_0020,0.12246553499004352,0.8210776626955076,0.19330330435201049,0.14935767424545546,0.1018226326128079,0.6859007022038555
retrieval,trial_0020_bite_005,trial_0020,0.1165196335280644,0.5799675357111056,0.15335655907207293,0.06728096557884392,0.09391900226260155,0.41779358896392205
retrieval,trial_0020_bite_006,trial_0020,0.06656371199293713,0.40271090953823546,0.13227056918178343,0.023098420156629412,0.048721232122751854,0.3097947110681584
retrieval,trial_0020_bite_007,trial_0020,0.08828837632980127,0.44315078706158983,0.11129473510104149,0.06010101984420413,0.0768697345804372,0.38337280195162265
retrieval,trial_0020_bite_008,trial_0020,0.09629355061256353,0.5220594894005846,0.17057307011055325,0.059807402936341875,0.07106538362876845,0.41087483840612826
retrieval,trial_0020_bite_009,trial_0020,0.08274287842197783,0.6017354391933596,0.08412265523793591,0.1198384128948404,0.07203566389103389,0.5130915586022036
retrieval,trial_0020_bite_010,trial_0020,0.06582097406843343,0.4652989342009559,0.053847309747910556,0.027484518438635586,0.05345747106920515,0.3770592625430067
retrieval,trial_0020_bite_011,trial_0020,0.09881903422907584,0.561161585195078,0.1629837278573082,0.02640672270683994,0.0820630372896854,0.4719618784386812
retrieval,trial_0020_bite_012,trial_0020,0.08567427550205992,0.38866969051849476,0.10895970425479524,0.11034792423860407,0.07722539244370318,0.33251440228819207
retrieval,trial_0020_bite_013,trial_0020,0.08785263327925281,0.6569093712256898,0.09082093265936117,0.08513828952768585,0.07737394326422276,0.5507647233337591
retrieval,trial_0020_bite_014,trial_0020,0.14113819962031637,0.6418046600159764,0.25294827381572205,0.08918244741176345,0.1109755711959563,0.5074435636025023
retrieval,trial_0020_bite_015,trial_0020,0.11039201592736028,0.3821202016499318,0.10673367102756626,0.06139745550993039,0.09654207373545591,0.3236453856298521
retrieval,trial_0020_bite_016,trial_0020,0.11570965291722116,0.5417642394973395,0.19915481459631404,0.06274881475395194,0.09094633092671942,0.43676900952265607
retrieval,trial_0020_bite_017,trial_0020,0.11496231648850229,0.45657366129215066,0.1637976078592347,0.07561817125576378,0.08914166643664359,0.37830865690988214
retrieval,trial_0020_bite_018,trial_0020,0.08952872006437639,0.4914860871489355,0.10472383214509087,0.08601126417381613,0.07561598574902412,0.4168659279472362
retrieval,trial_0020_bite_019,trial_0020,0.07214013542129565,0.3798420086406551,0.025459970839189175,0.07821439980787392,0.061859045879743224,0.3330476824629591
