record_id,parent_bite_id,take,phase,generated_duration_s,gt_duration_s,duration_error_s,absolute_duration_error_s
trial_0012_bite_001_transfer,trial_0012_bite_001,trial_0012,transfer,1.415,1.43,-0.014999999999999902,0.014999999999999902
trial_0012_bite_001_withdrawal,trial_0012_bite_001,trial_0012,withdrawal,1.05,1.01,0.040000000000000036,0.040000000000000036
trial_0012_bite_002_transfer,trial_0012_bite_002,trial_0012,transfer,1.415,1.87,-0.45500000000000007,0.45500000000000007
trial_0012_bite_002_withdrawal,trial_0012_bite_002,trial_0012,withdrawal,1.05,1.12,-0.07000000000000006,0.07000000000000006
trial_0012_bite_003_transfer,trial_0012_bite_003,trial_0012,transfer,1.415,1.45,-0.03499999999999992,0.03499999999999992
trial_0012_bite_003_withdrawal,trial_0012_bite_003,trial_0012,withdrawal,1.05,0.98,0.07000000000000006,0.07000000000000006
trial_0012_bite_004_transfer,trial_0012_bite_004,trial_0012,transfer,1.415,1.46,-0.04499999999999993,0.04499999999999993
trial_0012_bite_004_withdrawal,trial_0012_bite_004,trial_0012,withdrawal,1.05,1.39,-0.33999999999999986,0.33999999999999986
trial_0012_bite_005_transfer,trial_0012_bite_005,trial_0012,transfer,1.415,1.21,0.20500000000000007,0.20500000000000007
trial_0012_bite_005_withdrawal,trial_0012_bite_005,trial_0012,withdrawal,1.05,1.36,-0.31000000000000005,0.31000000000000005
trial_0012_bite_006_transfer,trial_0012_bite_006,trial_0012,transfer,1.415,1.56,-0.14500000000000002,0.14500000000000002
trial_0012_bite_006_withdrawal,trial_0012_bite_006,trial_0012,withdrawal,1.05,1.3,-0.25,0.25
trial_0012_bite_007_transfer,trial_0012_bite_007,trial_0012,transfer,1.415,1.32,0.09499999999999997,0.09499999999999997
trial_0012_bite_007_withdrawal,trial_0012_bite_007,trial_0012,withdrawal,1.05,1.39,-0.33999999999999986,0.33999999999999986
trial_0012_bite_008_transfer,trial_0012_bite_008,trial_0012,transfer,1.415,1.67,-0.2549999999999999,0.2549999999999999
trial_0012_bite_008_withdrawal,trial_0012_bite_008,trial_0012,withdrawal,1.05,0.97,0.08000000000000007,0.08000000000000007
trial_0012_bite_009_transfer,trial_0012_bite_009,trial_0012,transfer,1.415,2.41,-0.9950000000000001,0.9950000000000001
trial_0012_bite_009_withdrawal,trial_0012_bite_009,trial_0012,withdrawal,1.05,1.37,-0.32000000000000006,0.32000000000000006
trial_0012_bite_010_transfer,trial_0012_bite_010,trial_0012,transfer,1.415,1.51,-0.09499999999999997,0.09499999999999997
trial_0012_bite_010_withdrawal,trial_0012_bite_010,trial_0012,withdrawal,1.05,0.98,0.07000000000000006,0.07000000000000006
trial_0012_bite_011_transfer,trial_0012_bite_011,trial_0012,transfer,1.415,2.04,-0.625,0.625
trial_0012_bite_011_withdrawal,trial_0012_bite_011,trial_0012,withdrawal,1.05,1.74,-0.69,0.69
trial_0012_bite_012_transfer,trial_0012_bite_012,trial_0012,transfer,1.415,1.79,-0.375,0.375
trial_0012_bite_012_withdrawal,trial_0012_bite_012,trial_0012,withdrawal,1.05,0.96,0.09000000000000008,0.09000000000000008
trial_0012_bite_013_transfer,trial_0012_bite_013,trial_0012,transfer,1.415,2.03,-0.6149999999999998,0.6149999999999998
trial_0012_bite_013_withdrawal,trial_0012_bite_013,trial_0012,withdrawal,1.05,1.19,-0.1399999999999999,0.1399999999999999
trial_0012_bite_014_transfer,trial_0012_bite_014,trial_0012,transfer,1.415,1.75,-0.33499999999999996,0.33499999999999996
trial_0012_bite_014_withdrawal,trial_0012_bite_014,trial_0012,withdrawal,1.05,1.24,-0.18999999999999995,0.18999999999999995
trial_0012_bite_015_transfer,trial_0012_bite_015,trial_0012,transfer,1.415,1.5,-0.08499999999999996,0.08499999999999996
trial_0012_bite_015_withdrawal,trial_0012_bite_015,trial_0012,withdrawal,1.05,1.14,-0.08999999999999986,0.08999999999999986
trial_0013_bite_001_transfer,trial_0013_bite_001,trial_0013,transfer,1.45,1.23,0.21999999999999997,0.21999999999999997
trial_0013_bite_001_withdrawal,trial_0013_bite_001,trial_0013,withdrawal,1.07,0.84,0.2300000000000001,0.2300000000000001
trial_0013_bite_002_transfer,trial_0013_bite_002,trial_0013,transfer,1.45,1.3,0.1499999999999999,0.1499999999999999
trial_0013_bite_002_withdrawal,trial_0013_bite_002,trial_0013,withdrawal,1.07,1.15,-0.07999999999999985,0.07999999999999985
trial_0013_bite_003_transfer,trial_0013_bite_003,trial_0013,transfer,1.45,1.63,-0.17999999999999994,0.17999999999999994
trial_0013_bite_003_withdrawal,trial_0013_bite_003,trial_0013,withdrawal,1.07,0.93,0.14,0.14
trial_0013_bite_004_transfer,trial_0013_bite_004,trial_0013,transfer,1.45,1.51,-0.06000000000000005,0.06000000000000005
trial_0013_bite_004_withdrawal,trial_0013_bite_004,trial_0013,withdrawal,1.07,0.83,0.2400000000000001,0.2400000000000001
trial_0013_bite_005_transfer,trial_0013_bite_005,trial_0013,transfer,1.45,1.37,0.07999999999999985,0.07999999999999985
trial_0013_bite_005_withdrawal,trial_0013_bite_005,trial_0013,withdrawal,1.07,0.89,0.18000000000000005,0.18000000000000005
trial_0013_bite_006_transfer,trial_0013_bite_006,trial_0013,transfer,1.45,1.57,-0.1200000000000001,0.1200000000000001
trial_0013_bite_006_withdrawal,trial_0013_bite_006,trial_0013,withdrawal,1.07,1.41,-0.33999999999999986,0.33999999999999986
trial_0013_bite_007_transfer,trial_0013_bite_007,trial_0013,transfer,1.45,0.98,0.47,0.47
trial_0013_bite_007_withdrawal,trial_0013_bite_007,trial_0013,withdrawal,1.07,1.35,-0.28,0.28
trial_0013_bite_008_transfer,trial_0013_bite_008,trial_0013,transfer,1.45,1.97,-0.52,0.52
trial_0013_bite_008_withdrawal,trial_0013_bite_008,trial_0013,withdrawal,1.07,0.85,0.22000000000000008,0.22000000000000008
trial_0013_bite_009_transfer,trial_0013_bite_009,trial_0013,transfer,1.45,1.57,-0.1200000000000001,0.1200000000000001
trial_0013_bite_009_withdrawal,trial_0013_bite_009,trial_0013,withdrawal,1.07,1.07,0.0,0.0
trial_0013_bite_010_transfer,trial_0013_bite_010,trial_0013,transfer,1.45,1.34,0.10999999999999988,0.10999999999999988
trial_0013_bite_010_withdrawal,trial_0013_bite_010,trial_0013,withdrawal,1.07,1.39,-0.31999999999999984,0.31999999999999984
trial_0013_bite_011_transfer,trial_0013_bite_011,trial_0013,transfer,1.45,1.3,0.1499999999999999,0.1499999999999999
trial_0013_bite_011_withdrawal,trial_0013_bite_011,trial_0013,withdrawal,1.07,1.17,-0.09999999999999987,0.09999999999999987
trial_0013_bite_012_transfer,trial_0013_bite_012,trial_0013,transfer,1.45,1.39,0.06000000000000005,0.06000000000000005
trial_0013_bite_012_withdrawal,trial_0013_bite_012,trial_0013,withdrawal,1.07,0.98,0.09000000000000008,0.09000000000000008
trial_0014_bite_001_transfer,trial_0014_bite_001,trial_0014,transfer,1.48,1.55,-0.07000000000000006,0.07000000000000006
trial_0014_bite_001_withdrawal,trial_0014_bite_001,trial_0014,withdrawal,1.11,0.97,0.14000000000000012,0.14000000000000012
trial_0014_bite_002_transfer,trial_0014_bite_002,trial_0014,transfer,1.48,1.73,-0.25,0.25
trial_0014_bite_002_withdrawal,trial_0014_bite_002,trial_0014,withdrawal,1.11,1.08,0.030000000000000027,0.030000000000000027
trial_0014_bite_003_transfer,trial_0014_bite_003,trial_0014,transfer,1.48,1.31,0.16999999999999993,0.16999999999999993
trial_0014_bite_003_withdrawal,trial_0014_bite_003,trial_0014,withdrawal,1.11,1.01,0.10000000000000009,0.10000000000000009
trial_0014_bite_004_transfer,trial_0014_bite_004,trial_0014,transfer,1.48,1.11,0.3699999999999999,0.3699999999999999
trial_0014_bite_004_withdrawal,trial_0014_bite_004,trial_0014,withdrawal,1.11,0.94,0.17000000000000015,0.17000000000000015
trial_0014_bite_005_transfer,trial_0014_bite_005,trial_0014,transfer,1.48,1.23,0.25,0.25
trial_0014_bite_005_withdrawal,trial_0014_bite_005,trial_0014,withdrawal,1.11,0.61,0.5000000000000001,0.5000000000000001
trial_0014_bite_006_transfer,trial_0014_bite_006,trial_0014,transfer,1.48,0.9,0.58,0.58
trial_0014_bite_006_withdrawal,trial_0014_bite_006,trial_0014,withdrawal,1.11,0.8,0.31000000000000005,0.31000000000000005
trial_0014_bite_007_transfer,trial_0014_bite_007,trial_0014,transfer,1.48,1.1,0.3799999999999999,0.3799999999999999
trial_0014_bite_007_withdrawal,trial_0014_bite_007,trial_0014,withdrawal,1.11,0.85,0.2600000000000001,0.2600000000000001
trial_0014_bite_008_transfer,trial_0014_bite_008,trial_0014,transfer,1.48,0.93,0.5499999999999999,0.5499999999999999
trial_0014_bite_008_withdrawal,trial_0014_bite_008,trial_0014,withdrawal,1.11,0.73,0.3800000000000001,0.3800000000000001
trial_0014_bite_009_transfer,trial_0014_bite_009,trial_0014,transfer,1.48,1.13,0.3500000000000001,0.3500000000000001
trial_0014_bite_009_withdrawal,trial_0014_bite_009,trial_0014,withdrawal,1.11,0.51,0.6000000000000001,0.6000000000000001
trial_0014_bite_010_transfer,trial_0014_bite_010,trial_0014,transfer,1.48,1.23,0.25,0.25
trial_0014_bite_010_withdrawal,trial_0014_bite_010,trial_0014,withdrawal,1.11,0.76,0.3500000000000001,0.3500000000000001
trial_0014_bite_011_transfer,trial_0014_bite_011,trial_0014,transfer,1.48,1.3,0.17999999999999994,0.17999999999999994
trial_0014_bite_011_withdrawal,trial_0014_bite_011,trial_0014,withdrawal,1.11,0.8,0.31000000000000005,0.31000000000000005
trial_0014_bite_012_transfer,trial_0014_bite_012,trial_0014,transfer,1.48,1.02,0.45999999999999996,0.45999999999999996
trial_0014_bite_012_withdrawal,trial_0014_bite_012,trial_0014,withdrawal,1.11,1.03,0.08000000000000007,0.08000000000000007
trial_0014_bite_013_transfer,trial_0014_bite_013,trial_0014,transfer,1.48,1.07,0.4099999999999999,0.4099999999999999
trial_0014_bite_013_withdrawal,trial_0014_bite_013,trial_0014,withdrawal,1.11,1.14,-0.029999999999999805,0.029999999999999805
trial_0014_bite_014_transfer,trial_0014_bite_014,trial_0014,transfer,1.48,1.28,0.19999999999999996,0.19999999999999996
trial_0014_bite_014_withdrawal,trial_0014_bite_014,trial_0014,withdrawal,1.11,1.05,0.06000000000000005,0.06000000000000005
trial_0014_bite_015_transfer,trial_0014_bite_015,trial_0014,transfer,1.48,1.29,0.18999999999999995,0.18999999999999995
trial_0014_bite_015_withdrawal,trial_0014_bite_015,trial_0014,withdrawal,1.11,1.05,0.06000000000000005,0.06000000000000005
trial_0014_bite_016_transfer,trial_0014_bite_016,trial_0014,transfer,1.48,1.36,0.11999999999999988,0.11999999999999988
trial_0014_bite_016_withdrawal,trial_0014_bite_016,trial_0014,withdrawal,1.11,0.93,0.18000000000000005,0.18000000000000005
trial_0014_bite_017_transfer,trial_0014_bite_017,trial_0014,transfer,1.48,1.2,0.28,0.28
trial_0014_bite_017_withdrawal,trial_0014_bite_017,trial_0014,withdrawal,1.11,0.98,0.13000000000000012,0.13000000000000012
trial_0014_bite_018_transfer,trial_0014_bite_018,trial_0014,transfer,1.48,1.55,-0.07000000000000006,0.07000000000000006
trial_0014_bite_018_withdrawal,trial_0014_bite_018,trial_0014,withdrawal,1.11,0.85,0.2600000000000001,0.2600000000000001
trial_0014_bite_019_transfer,trial_0014_bite_019,trial_0014,transfer,1.48,1.26,0.21999999999999997,0.21999999999999997
trial_0014_bite_019_withdrawal,trial_0014_bite_019,trial_0014,withdrawal,1.11,1.03,0.08000000000000007,0.08000000000000007
trial_0014_bite_020_transfer,trial_0014_bite_020,trial_0014,transfer,1.48,1.56,-0.08000000000000007,0.08000000000000007
trial_0014_bite_020_withdrawal,trial_0014_bite_020,trial_0014,withdrawal,1.11,1.03,0.08000000000000007,0.08000000000000007
trial_0014_bite_021_transfer,trial_0014_bite_021,trial_0014,transfer,1.48,2.04,-0.56,0.56
trial_0014_bite_021_withdrawal,trial_0014_bite_021,trial_0014,withdrawal,1.11,0.98,0.13000000000000012,0.13000000000000012
trial_0015_bite_001_transfer,trial_0015_bite_001,trial_0015,transfer,1.44,1.44,0.0,0.0
trial_0015_bite_001_withdrawal,trial_0015_bite_001,trial_0015,withdrawal,1.03,1.48,-0.44999999999999996,0.44999999999999996
trial_0015_bite_002_transfer,trial_0015_bite_002,trial_0015,transfer,1.44,1.07,0.3699999999999999,0.3699999999999999
trial_0015_bite_002_withdrawal,trial_0015_bite_002,trial_0015,withdrawal,1.03,1.28,-0.25,0.25
trial_0015_bite_003_transfer,trial_0015_bite_003,trial_0015,transfer,1.44,1.53,-0.09000000000000008,0.09000000000000008
trial_0015_bite_003_withdrawal,trial_0015_bite_003,trial_0015,withdrawal,1.03,1.52,-0.49,0.49
trial_0015_bite_004_transfer,trial_0015_bite_004,trial_0015,transfer,1.44,1.44,0.0,0.0
trial_0015_bite_004_withdrawal,trial_0015_bite_004,trial_0015,withdrawal,1.03,1.35,-0.32000000000000006,0.32000000000000006
trial_0015_bite_005_transfer,trial_0015_bite_005,trial_0015,transfer,1.44,1.21,0.22999999999999998,0.22999999999999998
trial_0015_bite_005_withdrawal,trial_0015_bite_005,trial_0015,withdrawal,1.03,1.62,-0.5900000000000001,0.5900000000000001
trial_0015_bite_006_transfer,trial_0015_bite_006,trial_0015,transfer,1.44,1.21,0.22999999999999998,0.22999999999999998
trial_0015_bite_006_withdrawal,trial_0015_bite_006,trial_0015,withdrawal,1.03,1.45,-0.41999999999999993,0.41999999999999993
trial_0015_bite_007_transfer,trial_0015_bite_007,trial_0015,transfer,1.44,1.26,0.17999999999999994,0.17999999999999994
trial_0015_bite_007_withdrawal,trial_0015_bite_007,trial_0015,withdrawal,1.03,1.43,-0.3999999999999999,0.3999999999999999
trial_0015_bite_008_transfer,trial_0015_bite_008,trial_0015,transfer,1.44,1.68,-0.24,0.24
trial_0015_bite_008_withdrawal,trial_0015_bite_008,trial_0015,withdrawal,1.03,2.26,-1.2299999999999998,1.2299999999999998
trial_0015_bite_009_transfer,trial_0015_bite_009,trial_0015,transfer,1.44,1.57,-0.13000000000000012,0.13000000000000012
trial_0015_bite_009_withdrawal,trial_0015_bite_009,trial_0015,withdrawal,1.03,1.82,-0.79,0.79
trial_0015_bite_010_transfer,trial_0015_bite_010,trial_0015,transfer,1.44,1.49,-0.050000000000000044,0.050000000000000044
trial_0015_bite_010_withdrawal,trial_0015_bite_010,trial_0015,withdrawal,1.03,1.3,-0.27,0.27
trial_0015_bite_011_transfer,trial_0015_bite_011,trial_0015,transfer,1.44,1.25,0.18999999999999995,0.18999999999999995
trial_0015_bite_011_withdrawal,trial_0015_bite_011,trial_0015,withdrawal,1.03,1.23,-0.19999999999999996,0.19999999999999996
trial_0015_bite_012_transfer,trial_0015_bite_012,trial_0015,transfer,1.44,1.57,-0.13000000000000012,0.13000000000000012
trial_0015_bite_012_withdrawal,trial_0015_bite_012,trial_0015,withdrawal,1.03,1.28,-0.25,0.25
trial_0015_bite_013_transfer,trial_0015_bite_013,trial_0015,transfer,1.44,1.45,-0.010000000000000009,0.010000000000000009
trial_0015_bite_013_withdrawal,trial_0015_bite_013,trial_0015,withdrawal,1.03,1.82,-0.79,0.79
trial_0015_bite_014_transfer,trial_0015_bite_014,trial_0015,transfer,1.44,1.15,0.29000000000000004,0.29000000000000004
trial_0015_bite_014_withdrawal,trial_0015_bite_014,trial_0015,withdrawal,1.03,1.37,-0.3400000000000001,0.3400000000000001
trial_0015_bite_015_transfer,trial_0015_bite_015,trial_0015,transfer,1.44,1.09,0.34999999999999987,0.34999999999999987
trial_0015_bite_015_withdrawal,trial_0015_bite_015,trial_0015,withdrawal,1.03,1.68,-0.6499999999999999,0.6499999999999999
trial_0015_bite_016_transfer,trial_0015_bite_016,trial_0015,transfer,1.44,1.55,-0.1100000000000001,0.1100000000000001
trial_0015_bite_016_withdrawal,trial_0015_bite_016,trial_0015,withdrawal,1.03,1.55,-0.52,0.52
trial_0015_bite_017_transfer,trial_0015_bite_017,trial_0015,transfer,1.44,1.59,-0.15000000000000013,0.15000000000000013
trial_0015_bite_017_withdrawal,trial_0015_bite_017,trial_0015,withdrawal,1.03,1.77,-0.74,0.74
trial_0015_bite_018_transfer,trial_0015_bite_018,trial_0015,transfer,1.44,1.5,-0.06000000000000005,0.06000000000000005
trial_0015_bite_018_withdrawal,trial_0015_bite_018,trial_0015,withdrawal,1.03,1.77,-0.74,0.74
trial_0015_bite_019_transfer,trial_0015_bite_019,trial_0015,transfer,1.44,1.84,-0.40000000000000013,0.40000000000000013
trial_0015_bite_019_withdrawal,trial_0015_bite_019,trial_0015,withdrawal,1.03,1.48,-0.44999999999999996,0.44999999999999996
trial_0017_bite_001_transfer,trial_0017_bite_001,trial_0017,transfer,1.39,2.18,-0.7900000000000003,0.7900000000000003
trial_0017_bite_001_withdrawal,trial_0017_bite_001,trial_0017,withdrawal,1.07,1.28,-0.20999999999999996,0.20999999999999996
trial_0017_bite_002_transfer,trial_0017_bite_002,trial_0017,transfer,1.39,1.66,-0.27,0.27
trial_0017_bite_002_withdrawal,trial_0017_bite_002,trial_0017,withdrawal,1.07,0.89,0.18000000000000005,0.18000000000000005
trial_0017_bite_003_transfer,trial_0017_bite_003,trial_0017,transfer,1.39,1.82,-0.43000000000000016,0.43000000000000016
trial_0017_bite_003_withdrawal,trial_0017_bite_003,trial_0017,withdrawal,1.07,0.99,0.08000000000000007,0.08000000000000007
trial_0017_bite_004_transfer,trial_0017_bite_004,trial_0017,transfer,1.39,2.15,-0.76,0.76
trial_0017_bite_004_withdrawal,trial_0017_bite_004,trial_0017,withdrawal,1.07,1.02,0.050000000000000044,0.050000000000000044
trial_0017_bite_005_transfer,trial_0017_bite_005,trial_0017,transfer,1.39,1.89,-0.5,0.5
trial_0017_bite_005_withdrawal,trial_0017_bite_005,trial_0017,withdrawal,1.07,1.43,-0.3599999999999999,0.3599999999999999
trial_0017_bite_006_transfer,trial_0017_bite_006,trial_0017,transfer,1.39,1.84,-0.4500000000000002,0.4500000000000002
trial_0017_bite_006_withdrawal,trial_0017_bite_006,trial_0017,withdrawal,1.07,1.18,-0.10999999999999988,0.10999999999999988
trial_0017_bite_007_transfer,trial_0017_bite_007,trial_0017,transfer,1.39,2.08,-0.6900000000000002,0.6900000000000002
trial_0017_bite_007_withdrawal,trial_0017_bite_007,trial_0017,withdrawal,1.07,0.96,0.1100000000000001,0.1100000000000001
trial_0017_bite_008_transfer,trial_0017_bite_008,trial_0017,transfer,1.39,1.93,-0.54,0.54
trial_0017_bite_008_withdrawal,trial_0017_bite_008,trial_0017,withdrawal,1.07,1.05,0.020000000000000018,0.020000000000000018
trial_0017_bite_009_transfer,trial_0017_bite_009,trial_0017,transfer,1.39,2.32,-0.9299999999999999,0.9299999999999999
trial_0017_bite_009_withdrawal,trial_0017_bite_009,trial_0017,withdrawal,1.07,1.07,0.0,0.0
trial_0017_bite_010_transfer,trial_0017_bite_010,trial_0017,transfer,1.39,1.82,-0.43000000000000016,0.43000000000000016
trial_0017_bite_010_withdrawal,trial_0017_bite_010,trial_0017,withdrawal,1.07,1.05,0.020000000000000018,0.020000000000000018
trial_0017_bite_011_transfer,trial_0017_bite_011,trial_0017,transfer,1.39,1.86,-0.4700000000000002,0.4700000000000002
trial_0017_bite_011_withdrawal,trial_0017_bite_011,trial_0017,withdrawal,1.07,1.07,0.0,0.0
trial_0017_bite_012_transfer,trial_0017_bite_012,trial_0017,transfer,1.39,1.75,-0.3600000000000001,0.3600000000000001
trial_0017_bite_012_withdrawal,trial_0017_bite_012,trial_0017,withdrawal,1.07,1.01,0.06000000000000005,0.06000000000000005
trial_0017_bite_013_transfer,trial_0017_bite_013,trial_0017,transfer,1.39,2.92,-1.53,1.53
trial_0017_bite_013_withdrawal,trial_0017_bite_013,trial_0017,withdrawal,1.07,0.99,0.08000000000000007,0.08000000000000007
trial_0017_bite_014_transfer,trial_0017_bite_014,trial_0017,transfer,1.39,2.31,-0.9200000000000002,0.9200000000000002
trial_0017_bite_014_withdrawal,trial_0017_bite_014,trial_0017,withdrawal,1.07,1.48,-0.4099999999999999,0.4099999999999999
trial_0017_bite_015_transfer,trial_0017_bite_015,trial_0017,transfer,1.39,3.31,-1.9200000000000002,1.9200000000000002
trial_0017_bite_015_withdrawal,trial_0017_bite_015,trial_0017,withdrawal,1.07,0.87,0.20000000000000007,0.20000000000000007
trial_0019_bite_001_transfer,trial_0019_bite_001,trial_0019,transfer,1.48,1.05,0.42999999999999994,0.42999999999999994
trial_0019_bite_001_withdrawal,trial_0019_bite_001,trial_0019,withdrawal,1.05,0.9,0.15000000000000002,0.15000000000000002
trial_0019_bite_002_transfer,trial_0019_bite_002,trial_0019,transfer,1.48,1.23,0.25,0.25
trial_0019_bite_002_withdrawal,trial_0019_bite_002,trial_0019,withdrawal,1.05,1.01,0.040000000000000036,0.040000000000000036
trial_0019_bite_003_transfer,trial_0019_bite_003,trial_0019,transfer,1.48,1.14,0.3400000000000001,0.3400000000000001
trial_0019_bite_003_withdrawal,trial_0019_bite_003,trial_0019,withdrawal,1.05,0.92,0.13,0.13
trial_0019_bite_004_transfer,trial_0019_bite_004,trial_0019,transfer,1.48,1.12,0.3599999999999999,0.3599999999999999
trial_0019_bite_004_withdrawal,trial_0019_bite_004,trial_0019,withdrawal,1.05,0.89,0.16000000000000003,0.16000000000000003
trial_0019_bite_005_transfer,trial_0019_bite_005,trial_0019,transfer,1.48,1.27,0.20999999999999996,0.20999999999999996
trial_0019_bite_005_withdrawal,trial_0019_bite_005,trial_0019,withdrawal,1.05,1.55,-0.5,0.5
trial_0019_bite_006_transfer,trial_0019_bite_006,trial_0019,transfer,1.48,1.09,0.3899999999999999,0.3899999999999999
trial_0019_bite_006_withdrawal,trial_0019_bite_006,trial_0019,withdrawal,1.05,1.15,-0.09999999999999987,0.09999999999999987
trial_0019_bite_007_transfer,trial_0019_bite_007,trial_0019,transfer,1.48,1.18,0.30000000000000004,0.30000000000000004
trial_0019_bite_007_withdrawal,trial_0019_bite_007,trial_0019,withdrawal,1.05,1.07,-0.020000000000000018,0.020000000000000018
trial_0019_bite_008_transfer,trial_0019_bite_008,trial_0019,transfer,1.48,1.35,0.1299999999999999,0.1299999999999999
trial_0019_bite_008_withdrawal,trial_0019_bite_008,trial_0019,withdrawal,1.05,1.12,-0.07000000000000006,0.07000000000000006
trial_0019_bite_009_transfer,trial_0019_bite_009,trial_0019,transfer,1.48,1.32,0.15999999999999992,0.15999999999999992
trial_0019_bite_009_withdrawal,trial_0019_bite_009,trial_0019,withdrawal,1.05,1.07,-0.020000000000000018,0.020000000000000018
trial_0019_bite_010_transfer,trial_0019_bite_010,trial_0019,transfer,1.48,1.36,0.11999999999999988,0.11999999999999988
trial_0019_bite_010_withdrawal,trial_0019_bite_010,trial_0019,withdrawal,1.05,0.98,0.07000000000000006,0.07000000000000006
trial_0019_bite_011_transfer,trial_0019_bite_011,trial_0019,transfer,1.48,1.97,-0.49,0.49
trial_0019_bite_011_withdrawal,trial_0019_bite_011,trial_0019,withdrawal,1.05,1.03,0.020000000000000018,0.020000000000000018
trial_0019_bite_012_transfer,trial_0019_bite_012,trial_0019,transfer,1.48,1.15,0.33000000000000007,0.33000000000000007
trial_0019_bite_012_withdrawal,trial_0019_bite_012,trial_0019,withdrawal,1.05,1.12,-0.07000000000000006,0.07000000000000006
trial_0019_bite_013_transfer,trial_0019_bite_013,trial_0019,transfer,1.48,1.39,0.09000000000000008,0.09000000000000008
trial_0019_bite_013_withdrawal,trial_0019_bite_013,trial_0019,withdrawal,1.05,1.12,-0.07000000000000006,0.07000000000000006
trial_0019_bite_014_transfer,trial_0019_bite_014,trial_0019,transfer,1.48,1.77,-0.29000000000000004,0.29000000000000004
trial_0019_bite_014_withdrawal,trial_0019_bite_014,trial_0019,withdrawal,1.05,1.14,-0.08999999999999986,0.08999999999999986
trial_0019_bite_015_transfer,trial_0019_bite_015,trial_0019,transfer,1.48,1.29,0.18999999999999995,0.18999999999999995
trial_0019_bite_015_withdrawal,trial_0019_bite_015,trial_0019,withdrawal,1.05,1.05,0.0,0.0
trial_0019_bite_016_transfer,trial_0019_bite_016,trial_0019,transfer,1.48,1.5,-0.020000000000000018,0.020000000000000018
trial_0019_bite_016_withdrawal,trial_0019_bite_016,trial_0019,withdrawal,1.05,0.98,0.07000000000000006,0.07000000000000006
trial_0019_bite_017_transfer,trial_0019_bite_017,trial_0019,transfer,1.48,1.34,0.1399999999999999,0.1399999999999999
trial_0019_bite_017_withdrawal,trial_0019_bite_017,trial_0019,withdrawal,1.05,1.05,0.0,0.0
trial_0019_bite_018_transfer,trial_0019_bite_018,trial_0019,transfer,1.48,1.32,0.15999999999999992,0.15999999999999992
trial_0019_bite_018_withdrawal,trial_0019_bite_018,trial_0019,withdrawal,1.05,1.1,-0.050000000000000044,0.050000000000000044
trial_0019_bite_019_transfer,trial_0019_bite_019,trial_0019,transfer,1.48,1.42,0.06000000000000005,0.06000000000000005
trial_0019_bite_019_withdrawal,trial_0019_bite_019,trial_0019,withdrawal,1.05,0.96,0.09000000000000008,0.09000000000000008
trial_0019_bite_020_transfer,trial_0019_bite_020,trial_0019,transfer,1.48,1.84,-0.3600000000000001,0.3600000000000001
trial_0019_bite_020_withdrawal,trial_0019_bite_020,trial_0019,withdrawal,1.05,1.34,-0.29000000000000004,0.29000000000000004
trial_0019_bite_021_transfer,trial_0019_bite_021,trial_0019,transfer,1.48,1.77,-0.29000000000000004,0.29000000000000004
trial_0019_bite_021_withdrawal,trial_0019_bite_021,trial_0019,withdrawal,1.05,1.15,-0.09999999999999987,0.09999999999999987
trial_0019_bite_022_transfer,trial_0019_bite_022,trial_0019,transfer,1.48,1.39,0.09000000000000008,0.09000000000000008
trial_0019_bite_022_withdrawal,trial_0019_bite_022,trial_0019,withdrawal,1.05,1.07,-0.020000000000000018,0.020000000000000018
trial_0019_bite_023_transfer,trial_0019_bite_023,trial_0019,transfer,1.48,1.39,0.09000000000000008,0.09000000000000008
trial_0019_bite_023_withdrawal,trial_0019_bite_023,trial_0019,withdrawal,1.05,1.12,-0.07000000000000006,0.07000000000000006
trial_0019_bite_024_transfer,trial_0019_bite_024,trial_0019,transfer,1.48,1.5,-0.020000000000000018,0.020000000000000018
trial_0019_bite_024_withdrawal,trial_0019_bite_024,trial_0019,withdrawal,1.05,1.12,-0.07000000000000006,0.07000000000000006
trial_0019_bite_025_transfer,trial_0019_bite_025,trial_0019,transfer,1.48,2.83,-1.35,1.35
trial_0019_bite_025_withdrawal,trial_0019_bite_025,trial_0019,withdrawal,1.05,1.07,-0.020000000000000018,0.020000000000000018
trial_0019_bite_026_transfer,trial_0019_bite_026,trial_0019,transfer,1.48,1.48,0.0,0.0
trial_0019_bite_026_withdrawal,trial_0019_bite_026,trial_0019,withdrawal,1.05,1.19,-0.1399999999999999,0.1399999999999999
trial_0020_bite_001_transfer,trial_0020_bite_001,trial_0020,transfer,1.45,1.25,0.19999999999999996,0.19999999999999996
trial_0020_bite_001_withdrawal,trial_0020_bite_001,trial_0020,withdrawal,1.07,0.95,0.1200000000000001,0.1200000000000001
trial_0020_bite_002_transfer,trial_0020_bite_002,trial_0020,transfer,1.45,1.64,-0.18999999999999995,0.18999999999999995
trial_0020_bite_002_withdrawal,trial_0020_bite_002,trial_0020,withdrawal,1.07,1.12,-0.050000000000000044,0.050000000000000044
trial_0020_bite_003_transfer,trial_0020_bite_003,trial_0020,transfer,1.45,1.19,0.26,0.26
trial_0020_bite_003_withdrawal,trial_0020_bite_003,trial_0020,withdrawal,1.07,0.75,0.32000000000000006,0.32000000000000006
trial_0020_bite_004_transfer,trial_0020_bite_004,trial_0020,transfer,1.45,1.5,-0.050000000000000044,0.050000000000000044
trial_0020_bite_004_withdrawal,trial_0020_bite_004,trial_0020,withdrawal,1.07,0.96,0.1100000000000001,0.1100000000000001
trial_0020_bite_005_transfer,trial_0020_bite_005,trial_0020,transfer,1.45,1.47,-0.020000000000000018,0.020000000000000018
trial_0020_bite_005_withdrawal,trial_0020_bite_005,trial_0020,withdrawal,1.07,1.03,0.040000000000000036,0.040000000000000036
trial_0020_bite_006_transfer,trial_0020_bite_006,trial_0020,transfer,1.45,1.12,0.32999999999999985,0.32999999999999985
trial_0020_bite_006_withdrawal,trial_0020_bite_006,trial_0020,withdrawal,1.07,0.87,0.20000000000000007,0.20000000000000007
trial_0020_bite_007_transfer,trial_0020_bite_007,trial_0020,transfer,1.45,1.12,0.32999999999999985,0.32999999999999985
trial_0020_bite_007_withdrawal,trial_0020_bite_007,trial_0020,withdrawal,1.07,0.97,0.10000000000000009,0.10000000000000009
trial_0020_bite_008_transfer,trial_0020_bite_008,trial_0020,transfer,1.45,1.41,0.040000000000000036,0.040000000000000036
trial_0020_bite_008_withdrawal,trial_0020_bite_008,trial_0020,withdrawal,1.07,0.99,0.08000000000000007,0.08000000000000007
trial_0020_bite_009_transfer,trial_0020_bite_009,trial_0020,transfer,1.45,1.3,0.1499999999999999,0.1499999999999999
trial_0020_bite_009_withdrawal,trial_0020_bite_009,trial_0020,withdrawal,1.07,1.1,-0.030000000000000027,0.030000000000000027
trial_0020_bite_010_transfer,trial_0020_bite_010,trial_0020,transfer,1.45,1.46,-0.010000000000000009,0.010000000000000009
trial_0020_bite_010_withdrawal,trial_0020_bite_010,trial_0020,withdrawal,1.07,1.01,0.06000000000000005,0.06000000000000005
trial_0020_bite_011_transfer,trial_0020_bite_011,trial_0020,transfer,1.45,1.61,-0.16000000000000014,0.16000000000000014
trial_0020_bite_011_withdrawal,trial_0020_bite_011,trial_0020,withdrawal,1.07,0.99,0.08000000000000007,0.08000000000000007
trial_0020_bite_012_transfer,trial_0020_bite_012,trial_0020,transfer,1.45,1.19,0.26,0.26
trial_0020_bite_012_withdrawal,trial_0020_bite_012,trial_0020,withdrawal,1.07,1.23,-0.15999999999999992,0.15999999999999992
trial_0020_bite_013_transfer,trial_0020_bite_013,trial_0020,transfer,1.45,1.42,0.030000000000000027,0.030000000000000027
trial_0020_bite_013_withdrawal,trial_0020_bite_013,trial_0020,withdrawal,1.07,1.48,-0.4099999999999999,0.4099999999999999
trial_0020_bite_014_transfer,trial_0020_bite_014,trial_0020,transfer,1.45,1.48,-0.030000000000000027,0.030000000000000027
trial_0020_bite_014_withdrawal,trial_0020_bite_014,trial_0020,withdrawal,1.07,1.16,-0.08999999999999986,0.08999999999999986
trial_0020_bite_015_transfer,trial_0020_bite_015,trial_0020,transfer,1.45,3.22,-1.7700000000000002,1.7700000000000002
trial_0020_bite_015_withdrawal,trial_0020_bite_015,trial_0020,withdrawal,1.07,1.03,0.040000000000000036,0.040000000000000036
trial_0020_bite_016_transfer,trial_0020_bite_016,trial_0020,transfer,1.45,1.62,-0.17000000000000015,0.17000000000000015
trial_0020_bite_016_withdrawal,trial_0020_bite_016,trial_0020,withdrawal,1.07,0.94,0.13000000000000012,0.13000000000000012
trial_0020_bite_017_transfer,trial_0020_bite_017,trial_0020,transfer,1.45,1.19,0.26,0.26
trial_0020_bite_017_withdrawal,trial_0020_bite_017,trial_0020,withdrawal,1.07,1.03,0.040000000000000036,0.040000000000000036
trial_0020_bite_018_transfer,trial_0020_bite_018,trial_0020,transfer,1.45,2.0,-0.55,0.55
trial_0020_bite_018_withdrawal,trial_0020_bite_018,trial_0020,withdrawal,1.07,1.07,0.0,0.0
trial_0020_bite_019_transfer,trial_0020_bite_019,trial_0020,transfer,1.45,0.99,0.45999999999999996,0.45999999999999996
trial_0020_bite_019_withdrawal,trial_0020_bite_019,trial_0020,withdrawal,1.07,0.89,0.18000000000000005,0.18000000000000005
