strategy,jp_sigma_min,jp_sigma_p05,jp_sigma_median,jp_sigma_p95,jp_cond_min,jp_cond_p05,jp_cond_median,jp_cond_p95,jr_sigma_min,jr_sigma_p05,jr_sigma_median,jr_sigma_p95,jr_cond_min,jr_cond_p05,jr_cond_median,jr_cond_p95,scope,support_bites,support_success_frames,row_scope,comparison,strategy_a,strategy_b,pair_common_success_frames,pair_clean_frames,pair_clean_intervals,a_min_jp_sigma,b_min_jp_sigma,a_min_jr_sigma,b_min_jr_sigma
B0,0.22611453550139482,0.23043522543758463,0.26275808346394186,0.2820735543186748,2.3101656479734287,2.3194624027342936,2.5910108976455772,3.326312024995041,1.2988303449233078,1.303453113945195,1.3458002840462646,1.3849621638573055,1.2485113236224303,1.2514330281897308,1.288822524975231,1.3374801113366266,overall,127,30931.0,single_strategy,,,,,,,,,,
B1,0.22778168173843938,0.23220999293392142,0.26463517279193993,0.2836111578106372,2.3097665522113795,2.3187599417092195,2.579172658521257,3.3084118458188905,1.2868526130806133,1.2914968541266558,1.3370031195677499,1.3821309613360753,1.2512014278320034,1.2545186422389725,1.2975656125276158,1.3503513690765117,overall,127,31005.0,single_strategy,,,,,,,,,,
B2,0.22575133459774083,0.22972311560942538,0.26302648740774864,0.280760824231789,2.319373670574562,2.328790442808835,2.587820795043611,3.345791476621706,1.3116283790301055,1.3171947838724,1.3516229484070035,1.384986086581539,1.2485476586728856,1.251536006233406,1.284244538530268,1.326259572618609,overall,127,31173.0,single_strategy,,,,,,,,,,
B3,0.225607335901871,0.22955077904358118,0.26285887685846704,0.28063779328554567,2.321095380387187,2.3306990048268026,2.589189722068936,3.346110352753014,1.310638379647674,1.3167767296564263,1.3513808852890405,1.3854756835088138,1.247990492764183,1.2510215639586046,1.2846024303426764,1.3272072142748876,overall,127,31174.0,single_strategy,,,,,,,,,,
H_star,0.22607276201918058,0.22991764563209136,0.26317236619378875,0.2807041969932182,2.321367671847361,2.330970322270373,2.5871612529533787,3.343909041209403,1.3091714711620757,1.3155615780818082,1.3513601940566595,1.3853801707970637,1.2479425497243157,1.2511301346834562,1.2846810523065197,1.3281337719356985,overall,127,31173.0,single_strategy,,,,,,,,,,
HumanGT,0.22613886839867842,0.23011858931247697,0.26335708996756446,0.2809194429599052,2.3232917664751813,2.3326028966015344,2.5890510513056926,3.341668033222755,1.3103103494711659,1.3163381812520598,1.3521470668444067,1.3872883910805962,1.2470179095019085,1.2495818661066036,1.2834583157925008,1.3268425400133355,overall,127,31058.0,single_strategy,,,,,,,,,,
RobotSmooth,0.22824397213540765,0.23161426685038275,0.26309642564051344,0.2822355295992134,2.311583058636099,2.320900358222435,2.5865934706522236,3.2982100335565865,1.3010315010913651,1.3053090929091908,1.3465016196327941,1.38485641689252,1.249003893107425,1.2515019360402173,1.288179824531566,1.3346900857801747,overall,127,30729.0,single_strategy,,,,,,,,,,
StrongLocal,0.2260288289840222,0.22999737920892185,0.26345387750930405,0.2810323260414538,2.320932552271511,2.3303364401876805,2.58643083681253,3.3438635531397405,1.309137903622179,1.3147905946915872,1.3500382467121839,1.3847038986110012,1.2486865176493547,1.2518370283352125,1.2859530477792438,1.328753446422507,overall,127,31178.0,single_strategy,,,,,,,,,,
B0,0.22870812989177128,0.23365877197151777,0.26364465093322603,0.2792639962310345,2.4297867965618796,2.438117575867294,2.7125864072320507,3.3796157544597314,1.3037911712656307,1.3081700713256172,1.3430182508716466,1.3877422094744607,1.2439070805710273,1.2470890400514063,1.289401930028885,1.3297472512370272,transfer,127,17217.0,single_strategy,,,,,,,,,,
B1,0.2310186842245188,0.23624670365793515,0.2655265566117571,0.2810731150894341,2.4239873280931814,2.432055420527328,2.7007083414584194,3.3479652555383446,1.2809609381602443,1.286377744918793,1.3311538189772318,1.385761367477498,1.2456495874349818,1.2494597193454744,1.300851461765666,1.351716674573584,transfer,127,17246.0,single_strategy,,,,,,,,,,
B2,0.22498635929589464,0.22928376598424147,0.2602160208656866,0.27542584737279413,2.4426439970020906,2.4514100743428715,2.73480609315268,3.428632040102087,1.3294412922696714,1.3359294794369407,1.360984002021288,1.3928299280144836,1.2389448152320035,1.2422658179278934,1.2725382317322302,1.3033735082814246,transfer,127,17182.0,single_strategy,,,,,,,,,,
B3,0.22506771513099752,0.2293574625386184,0.2598240360261075,0.2746880758158023,2.4449672222077816,2.4538826231866904,2.7368617942004065,3.4264913185256547,1.3284071585502752,1.3350716373257294,1.3618082972416017,1.3941726657783886,1.237724405005508,1.2411987909491693,1.2718243849460316,1.304109352031523,transfer,127,17183.0,single_strategy,,,,,,,,,,
H_star,0.225647573163939,0.22982207334335544,0.25997623321790514,0.2746862799951907,2.446124537375682,2.45512247237986,2.7361637327189046,3.4226300442478306,1.3245705389931346,1.3321508160233706,1.361534069332803,1.3944701486029354,1.2373632488216308,1.2407623884045096,1.2720816059054065,1.306636360174963,transfer,127,17184.0,single_strategy,,,,,,,,,,
HumanGT,0.2252240142241387,0.2295710791583408,0.2595411227460209,0.27429802996852976,2.450242252085601,2.4589413275679664,2.740311438558682,3.4219345330044426,1.3274328388221608,1.3342949849951864,1.3633835695683614,1.3947374426782306,1.2379112390013416,1.2404859061379996,1.2703582628247527,1.305108215237867,transfer,127,17180.0,single_strategy,,,,,,,,,,
RobotSmooth,0.22945720374400005,0.2335026781565057,0.2635172958912384,0.2792606627055886,2.4297867965852915,2.4381830292591777,2.716406837062183,3.3793180073969777,1.3042757999289056,1.308921078245106,1.3429099934771875,1.3877498321997241,1.2446527024370688,1.2470925399464954,1.2895294289121348,1.3286189024349628,transfer,127,17273.0,single_strategy,,,,,,,,,,
StrongLocal,0.22553289447682548,0.22981288852413528,0.260330421499094,0.27508832195169763,2.4433797070792407,2.4521866937128634,2.733686886937252,3.42447394506722,1.3251683451306793,1.3318427472246468,1.360403987928184,1.3936735505773086,1.238497740634295,1.2416038416970752,1.2730995584293234,1.3068156789534016,transfer,127,17188.0,single_strategy,,,,,,,,,,
B0,0.22356178511716598,0.22726244341599686,0.26188547768708736,0.284838867397061,2.1924282970005438,2.2026758150049623,2.471349963013221,3.273847724340818,1.2939476418304705,1.2988104393581654,1.348538505674826,1.3822258984860898,1.2530430589092445,1.255708607066034,1.2882522444106108,1.3450911941118227,withdrawal,127,13714.0,single_strategy,,,,,,,,,,
B1,0.22459565566946355,0.22823685245752995,0.26375782651259233,0.2861092313551285,2.1973445287056683,2.2072486436598995,2.4595509233468844,3.2694813244414758,1.2926515057187717,1.2965353474414816,1.342760305188338,1.3785577269449114,1.2566658376715916,1.2594978970554076,1.2943315089468577,1.3490075644534092,withdrawal,127,13759.0,single_strategy,,,,,,,,,,
B2,0.22650426304443982,0.2301555463428741,0.26579269463418753,0.28601178570717767,2.1980446091301435,2.2081018290942325,2.443150226038622,3.2642554889441646,1.2940959841092727,1.298755122883679,1.3424093129598729,1.3772657702105309,1.2579992762328092,1.260660207321509,1.2957664940401474,1.3487852264937905,withdrawal,127,13991.0,single_strategy,,,,,,,,,,
B3,0.22613845870784874,0.2297410511941351,0.2658459249218131,0.28649381441718286,2.1991742762330593,2.2094552859686445,2.443843194380481,3.2669952289610444,1.2931494240348773,1.2987699307693172,1.3411176845483306,1.376915661589941,1.2580949098494927,1.2606896476293088,1.297179246677957,1.3499413306561516,withdrawal,127,13991.0,single_strategy,,,,,,,,,,
H_star,0.22649125498693803,0.23001171284541408,0.2663181663669025,0.2866273436448202,2.1985754813667295,2.2087733241311147,2.4405052689321924,3.266427739006226,1.2940149083362307,1.2992335879818449,1.341346537288802,1.376433342247977,1.2583552474631787,1.2613346093674591,1.2970820822288749,1.3492926417789417,withdrawal,127,13989.0,single_strategy,,,,,,,,,,
HumanGT,0.2270393154208632,0.2306574772594614,0.2671129632171152,0.28743658173094394,2.1983405011105943,2.208254047225125,2.4401727173952703,3.2626655728077085,1.2934575056217614,1.2986641618198485,1.3410875169192544,1.3799566473821367,1.2559811678686081,1.2585345826111347,1.2963520687135126,1.3482345919576944,withdrawal,127,13878.0,single_strategy,,,,,,,,,,
RobotSmooth,0.22700090696266947,0.22967941920066662,0.26266520612132804,0.2852835489574356,2.1904726713930733,2.2007336870782312,2.4535879722813636,3.2151076013430697,1.2977074244135574,1.301608288261737,1.3501815644643582,1.3818918520285812,1.2534620802696752,1.2560197599067358,1.2867970331580325,1.3409105605191214,withdrawal,127,13456.0,single_strategy,,,,,,,,,,
StrongLocal,0.22651695349897966,0.23017896452859368,0.26652814523588875,0.28688272376759166,2.200413699114297,2.2104050882928155,2.441493779603158,3.264522616203245,1.2933599100114508,1.2980069799936937,1.3398357455153331,1.3758755010063675,1.2587148414830747,1.2619090624278668,1.2986041199740472,1.3503457372385552,withdrawal,127,13990.0,single_strategy,,,,,,,,,,
,,,,,,,,,,,,,,,,,overall,127,,pairwise_support_c,RobotSmooth-HumanGT,RobotSmooth,HumanGT,30503.0,30490.0,30203.0,0.2288384522191083,0.22762445380417567,1.3019041464541585,1.3140408034585964
,,,,,,,,,,,,,,,,,transfer,127,,pairwise_support_c,RobotSmooth-HumanGT,RobotSmooth,HumanGT,17152.0,17141.0,17004.0,0.23050594683770992,0.225387192754299,1.305854199442572,1.3310643101179225
,,,,,,,,,,,,,,,,,withdrawal,127,,pairwise_support_c,RobotSmooth-HumanGT,RobotSmooth,HumanGT,13351.0,13349.0,13199.0,0.22712995363447547,0.22991672947003286,1.2978569610152104,1.2965986859797778
,,,,,,,,,,,,,,,,,overall,127,,pairwise_support_c,StrongLocal-B0,StrongLocal,B0,30898.0,30849.0,30555.0,0.22622528704578984,0.22655217697152955,1.310357791596226,1.2995747266755011
,,,,,,,,,,,,,,,,,transfer,127,,pairwise_support_c,StrongLocal-B0,StrongLocal,B0,17188.0,17170.0,17031.0,0.2256894228516574,0.22953736509565278,1.3273248149760621,1.3050401817343686
,,,,,,,,,,,,,,,,,withdrawal,127,,pairwise_support_c,StrongLocal-B0,StrongLocal,B0,13710.0,13679.0,13524.0,0.22675271243371553,0.2236139996840066,1.2936579654349698,1.2941953417750414
,,,,,,,,,,,,,,,,,overall,127,,pairwise_support_c,StrongLocal-B2,StrongLocal,B2,31169.0,31134.0,30842.0,0.22616051068076928,0.22586055986787357,1.3106217552668655,1.3128367541743762
,,,,,,,,,,,,,,,,,transfer,127,,pairwise_support_c,StrongLocal-B2,StrongLocal,B2,17180.0,17162.0,17023.0,0.2257796357875416,0.22516473775855927,1.3281388850462477,1.3317335435968476
,,,,,,,,,,,,,,,,,withdrawal,127,,pairwise_support_c,StrongLocal-B2,StrongLocal,B2,13989.0,13972.0,13819.0,0.22653538754418243,0.22654542414869477,1.2933804857989701,1.2942375519869045
,,,,,,,,,,,,,,,,,overall,127,,pairwise_support_c,StrongLocal-B3,StrongLocal,B3,31171.0,31131.0,30839.0,0.22614328603224637,0.22576547791962046,1.3106113857231554,1.3118946968875314
,,,,,,,,,,,,,,,,,transfer,127,,pairwise_support_c,StrongLocal-B3,StrongLocal,B3,17181.0,17162.0,17023.0,0.22575050748937206,0.22534552178204884,1.3281388850462477,1.3307945784989077
,,,,,,,,,,,,,,,,,withdrawal,127,,pairwise_support_c,StrongLocal-B3,StrongLocal,B3,13990.0,13969.0,13816.0,0.2265298790862565,0.22617882057471056,1.2933599100114508,1.2932924512070427
,,,,,,,,,,,,,,,,,overall,127,,pairwise_support_c,StrongLocal-H_star,StrongLocal,H_star,31172.0,31135.0,30843.0,0.2261475062243091,0.2261431237849376,1.3106113857231554,1.310566853701984
,,,,,,,,,,,,,,,,,transfer,127,,pairwise_support_c,StrongLocal-H_star,StrongLocal,H_star,17183.0,17165.0,17026.0,0.22575050748937206,0.22575468410597935,1.3281388850462477,1.3273836301935893
,,,,,,,,,,,,,,,,,withdrawal,127,,pairwise_support_c,StrongLocal-H_star,StrongLocal,H_star,13989.0,13970.0,13817.0,0.2265382530106644,0.22652544630359717,1.2933599100114508,1.2940149083362307
,,,,,,,,,,,,,,,,,overall,127,,pairwise_support_c,StrongLocal-HumanGT,StrongLocal,HumanGT,31050.0,31014.0,30720.0,0.22628897088299557,0.226418435942821,1.3106843836544844,1.311827505723454
,,,,,,,,,,,,,,,,,transfer,127,,pairwise_support_c,StrongLocal-HumanGT,StrongLocal,HumanGT,17172.0,17152.0,17013.0,0.2259912234300102,0.22577581139816916,1.3282257743078127,1.3302972841470304
,,,,,,,,,,,,,,,,,withdrawal,127,,pairwise_support_c,StrongLocal-HumanGT,StrongLocal,HumanGT,13878.0,13862.0,13707.0,0.22658202939971353,0.2270509404159035,1.2934192353736496,1.2936485899522168
,,,,,,,,,,,,,,,,,overall,127,,pairwise_support_c,StrongLocal-RobotSmooth,StrongLocal,RobotSmooth,30575.0,30556.0,30271.0,0.2275691916248749,0.22888275307475922,1.312507165728333,1.30196757528882
,,,,,,,,,,,,,,,,,transfer,127,,pairwise_support_c,StrongLocal-RobotSmooth,StrongLocal,RobotSmooth,17161.0,17145.0,17008.0,0.2257801885697645,0.23061011846039947,1.3289232218319234,1.3060103203920683
,,,,,,,,,,,,,,,,,withdrawal,127,,pairwise_support_c,StrongLocal-RobotSmooth,StrongLocal,RobotSmooth,13414.0,13411.0,13263.0,0.22940218655838976,0.22711291149111143,1.2956874361139987,1.2978254184207383
