comparison,phase,metric,difference_a_minus_b,ci_low,ci_high,support_bites,status
RobotSmooth-HumanGT,overall,difference_travel_a_minus_b,0.10191864968868089,0.046154132417696406,0.15528296962707655,127,OK
RobotSmooth-HumanGT,overall,difference_rms_velocity_a_minus_b,-0.0518980349057858,-0.10033340139292245,-0.010390877760943799,127,OK
RobotSmooth-HumanGT,overall,difference_rms_acceleration_a_minus_b,-1.5656204424104239,-4.886817673869504,1.367215606550002,127,OK
RobotSmooth-HumanGT,overall,difference_rms_jerk_a_minus_b,367.0962877227483,26.623847647558613,729.7360654280878,127,OK
RobotSmooth-HumanGT,overall,difference_min_margin_a_minus_b,-0.030185889655969553,-0.04135230355602949,-0.01909632184894376,127,OK
RobotSmooth-HumanGT,overall,difference_min_jp_sigma_a_minus_b,0.0013135761618259557,0.00045544959004381337,0.002149921219792099,127,OK
RobotSmooth-HumanGT,overall,difference_min_jr_sigma_a_minus_b,-0.012299098012095855,-0.015302775929569967,-0.009242882836224854,127,OK
RobotSmooth-HumanGT,overall,difference_violations_a_minus_b,-0.06692913385826772,-0.1062992125984252,-0.031496062992125984,127,OK
RobotSmooth-HumanGT,overall,difference_psi_mae_a_minus_b,0.1255676272648779,0.11535510330052805,0.13708489835095028,127,OK
RobotSmooth-HumanGT,overall,difference_elbow_mean_a_minus_b,0.03331964292219971,0.03041898863048263,0.03655195399164032,127,OK
RobotSmooth-HumanGT,transfer,difference_travel_a_minus_b,0.08953704205811074,0.0029008678280442912,0.16989886876270682,127,OK
RobotSmooth-HumanGT,transfer,difference_rms_velocity_a_minus_b,-0.10136219476901764,-0.16346202685013153,-0.04097441459823589,125,OK
RobotSmooth-HumanGT,transfer,difference_rms_acceleration_a_minus_b,-8.054883055558733,-11.872294639827139,-4.308587604672897,125,OK
RobotSmooth-HumanGT,transfer,difference_rms_jerk_a_minus_b,-510.60061175088833,-947.6424419068323,-83.92571476220662,125,OK
RobotSmooth-HumanGT,transfer,difference_min_margin_a_minus_b,0.024603303542099504,0.019268908583738146,0.030371678012320092,125,OK
RobotSmooth-HumanGT,transfer,difference_min_jp_sigma_a_minus_b,0.005118754083410939,0.004012377798631598,0.0061652459917404395,125,OK
RobotSmooth-HumanGT,transfer,difference_min_jr_sigma_a_minus_b,-0.025210110675350415,-0.030459188041075596,-0.019877619203247775,125,OK
RobotSmooth-HumanGT,transfer,difference_violations_a_minus_b,-0.07874015748031496,-0.14173228346456693,-0.023622047244094488,127,OK
RobotSmooth-HumanGT,transfer,difference_psi_mae_a_minus_b,0.103423452990285,0.09140043346444629,0.11558195626951889,125,OK
RobotSmooth-HumanGT,transfer,difference_elbow_mean_a_minus_b,0.022807360710791025,0.02006568607684047,0.025552228851113013,125,OK
RobotSmooth-HumanGT,withdrawal,difference_travel_a_minus_b,0.11430025731925107,0.0456234521569394,0.1820440607035892,127,OK
RobotSmooth-HumanGT,withdrawal,difference_rms_velocity_a_minus_b,0.03368522688369361,0.020120152728506136,0.047375820424431996,122,OK
RobotSmooth-HumanGT,withdrawal,difference_rms_acceleration_a_minus_b,7.053838807345313,4.183010799028205,10.366503689841547,122,OK
RobotSmooth-HumanGT,withdrawal,difference_rms_jerk_a_minus_b,1302.3394472610325,761.6186996746122,1909.0998959113722,122,OK
RobotSmooth-HumanGT,withdrawal,difference_min_margin_a_minus_b,-0.08527841458602811,-0.1067213653233923,-0.06396117760979152,122,OK
RobotSmooth-HumanGT,withdrawal,difference_min_jp_sigma_a_minus_b,-0.0027867758355574193,-0.003792311444655761,-0.0018340929705232892,122,OK
RobotSmooth-HumanGT,withdrawal,difference_min_jr_sigma_a_minus_b,0.0012582750354317987,-0.001194610700695755,0.003662279260590706,122,OK
RobotSmooth-HumanGT,withdrawal,difference_violations_a_minus_b,-0.05511811023622047,-0.11023622047244094,-0.007874015748031496,127,OK
RobotSmooth-HumanGT,withdrawal,difference_psi_mae_a_minus_b,0.1485317051253391,0.13435734809411348,0.1642422939027531,122,OK
RobotSmooth-HumanGT,withdrawal,difference_elbow_mean_a_minus_b,0.04409856225809199,0.03982568073235876,0.04883251402016082,122,OK
StrongLocal-B0,overall,difference_travel_a_minus_b,0.023412778699791657,-0.03135560409166096,0.08088959055139884,127,OK
StrongLocal-B0,overall,difference_rms_velocity_a_minus_b,0.03505168835955408,0.010885155973495028,0.061702530983056794,127,OK
StrongLocal-B0,overall,difference_rms_acceleration_a_minus_b,12.922210241353676,10.444917378637605,15.511651024147778,127,OK
StrongLocal-B0,overall,difference_rms_jerk_a_minus_b,2202.612598214381,1814.0188654693688,2603.605809923418,127,OK
StrongLocal-B0,overall,difference_min_margin_a_minus_b,0.0320733784466647,0.02581005661815072,0.03922917994422765,127,OK
StrongLocal-B0,overall,difference_min_jp_sigma_a_minus_b,-0.0002969958950349458,-0.0008938143919208642,0.0003323581814614572,127,OK
StrongLocal-B0,overall,difference_min_jr_sigma_a_minus_b,0.010726131674193045,0.008655173072355091,0.012837581433448729,127,OK
StrongLocal-B0,overall,difference_violations_a_minus_b,-0.003937007874015748,-0.07086614173228346,0.06299212598425197,127,OK
StrongLocal-B0,overall,difference_psi_mae_a_minus_b,-0.052819922086637223,-0.06306105554414353,-0.04260510884506955,127,OK
StrongLocal-B0,overall,difference_elbow_mean_a_minus_b,-0.014405910421911831,-0.01727500638593426,-0.011608803004472793,127,OK
StrongLocal-B0,transfer,difference_travel_a_minus_b,0.04788119145769437,-0.0253347716180957,0.13300834108836765,127,OK
StrongLocal-B0,transfer,difference_rms_velocity_a_minus_b,0.08125495728136728,0.03611041651231905,0.12964248453639818,125,OK
StrongLocal-B0,transfer,difference_rms_acceleration_a_minus_b,14.759889055050124,10.90979554131324,19.092383883737632,125,OK
StrongLocal-B0,transfer,difference_rms_jerk_a_minus_b,2224.4347540599792,1700.8861300015576,2836.5186285083973,125,OK
StrongLocal-B0,transfer,difference_min_margin_a_minus_b,-0.020960456641777488,-0.02468316917228378,-0.01724057425540428,125,OK
StrongLocal-B0,transfer,difference_min_jp_sigma_a_minus_b,-0.003847942243995418,-0.004710447686711596,-0.0030324119149400283,125,OK
StrongLocal-B0,transfer,difference_min_jr_sigma_a_minus_b,0.02228463324169315,0.018431977714094664,0.026255506995354092,125,OK
StrongLocal-B0,transfer,difference_violations_a_minus_b,0.07086614173228346,0.031496062992125984,0.12598425196850394,127,OK
StrongLocal-B0,transfer,difference_psi_mae_a_minus_b,-0.0398432968043448,-0.05026279428675311,-0.02884960167091972,125,OK
StrongLocal-B0,transfer,difference_elbow_mean_a_minus_b,-0.00906633463830149,-0.011457969326061667,-0.006551222946813572,125,OK
StrongLocal-B0,withdrawal,difference_travel_a_minus_b,-0.0010556340581110374,-0.05586527617037679,0.05467073657189636,127,OK
StrongLocal-B0,withdrawal,difference_rms_velocity_a_minus_b,-0.009490091519186214,-0.02347725154779202,0.007247226663825619,127,OK
StrongLocal-B0,withdrawal,difference_rms_acceleration_a_minus_b,10.998608546739838,9.044404673850766,13.230706261073179,127,OK
StrongLocal-B0,withdrawal,difference_rms_jerk_a_minus_b,2151.084484964774,1774.3849868928664,2548.4228488919393,127,OK
StrongLocal-B0,withdrawal,difference_min_margin_a_minus_b,0.083830135023937,0.07165035585049964,0.09705357470323868,127,OK
StrongLocal-B0,withdrawal,difference_min_jp_sigma_a_minus_b,0.00313871274970887,0.002349247098364251,0.003990146764281077,127,OK
StrongLocal-B0,withdrawal,difference_min_jr_sigma_a_minus_b,-0.0005373763400712963,-0.002733545826528834,0.001535642775447649,127,OK
StrongLocal-B0,withdrawal,difference_violations_a_minus_b,-0.07874015748031496,-0.1968503937007874,0.031692913385825694,127,OK
StrongLocal-B0,withdrawal,difference_psi_mae_a_minus_b,-0.0641815292197297,-0.07800058813265255,-0.04993313743786267,127,OK
StrongLocal-B0,withdrawal,difference_elbow_mean_a_minus_b,-0.019211600051692583,-0.02351943173824147,-0.014847244213851885,127,OK
StrongLocal-B2,overall,difference_travel_a_minus_b,0.19488930616523417,0.17142210758078066,0.21882278428145663,127,OK
StrongLocal-B2,overall,difference_rms_velocity_a_minus_b,0.024986758323116868,0.016269434911265524,0.033642014714920766,127,OK
StrongLocal-B2,overall,difference_rms_acceleration_a_minus_b,9.005897488821041,7.453135425855696,10.701791934244005,127,OK
StrongLocal-B2,overall,difference_rms_jerk_a_minus_b,1822.02562125189,1530.4884877713425,2148.1518709046486,127,OK
StrongLocal-B2,overall,difference_min_margin_a_minus_b,0.0014193814510306193,-0.0004254630884849028,0.0034352156717828214,127,OK
StrongLocal-B2,overall,difference_min_jp_sigma_a_minus_b,0.00029895428617809667,0.00017902348610634422,0.0004123174235179208,127,OK
StrongLocal-B2,overall,difference_min_jr_sigma_a_minus_b,-0.002193872157668977,-0.0030195923716262742,-0.001242790806022735,127,OK
StrongLocal-B2,overall,difference_violations_a_minus_b,0.01968503937007874,-0.011811023622047244,0.05511811023622047,127,OK
StrongLocal-B2,overall,difference_psi_mae_a_minus_b,0.0014411193951995947,-0.001116058249863063,0.00410069329544855,127,OK
StrongLocal-B2,overall,difference_elbow_mean_a_minus_b,0.00020547643530308666,-0.0005011373065234016,0.0009561405743151056,127,OK
StrongLocal-B2,transfer,difference_travel_a_minus_b,0.15954071070397266,0.13469060174650377,0.18475488222087907,127,OK
StrongLocal-B2,transfer,difference_rms_velocity_a_minus_b,0.012957137102303054,-0.004031246701216733,0.03049236209054874,125,OK
StrongLocal-B2,transfer,difference_rms_acceleration_a_minus_b,7.763334923518292,5.579893263089418,9.964516201397466,125,OK
StrongLocal-B2,transfer,difference_rms_jerk_a_minus_b,1574.303967465424,1236.2923843160302,1979.3004558675211,125,OK
StrongLocal-B2,transfer,difference_min_margin_a_minus_b,-0.0017759905724639537,-0.003631432674498273,0.00011102539839294902,125,OK
StrongLocal-B2,transfer,difference_min_jp_sigma_a_minus_b,0.000614898028982312,0.00044667672755305796,0.0007942550756108289,125,OK
StrongLocal-B2,transfer,difference_min_jr_sigma_a_minus_b,-0.0035946585505999646,-0.0048272665208646814,-0.0019618319664696827,125,OK
StrongLocal-B2,transfer,difference_violations_a_minus_b,0.015748031496062992,-0.023622047244094488,0.05511811023622047,127,OK
StrongLocal-B2,transfer,difference_psi_mae_a_minus_b,0.003638351373083432,0.0009549946517234137,0.006449018499771452,125,OK
StrongLocal-B2,transfer,difference_elbow_mean_a_minus_b,0.0005379631813583357,-8.00358128884652e-05,0.0011677311309677123,125,OK
StrongLocal-B2,withdrawal,difference_travel_a_minus_b,0.23023790162649574,0.19411541828998058,0.26581003503960454,127,OK
StrongLocal-B2,withdrawal,difference_rms_velocity_a_minus_b,0.03639422064491495,0.030847489646438745,0.04221383531599915,127,OK
StrongLocal-B2,withdrawal,difference_rms_acceleration_a_minus_b,10.057143769511564,8.438984052944427,11.82588582002591,127,OK
StrongLocal-B2,withdrawal,difference_rms_jerk_a_minus_b,2031.5335678446086,1693.4949348177167,2407.437532564873,127,OK
StrongLocal-B2,withdrawal,difference_min_margin_a_minus_b,0.004548379399243264,0.0011651076623896714,0.008043296450583602,127,OK
StrongLocal-B2,withdrawal,difference_min_jp_sigma_a_minus_b,-1.0036604512293035e-05,-0.00017309730398592908,0.00014511934589243807,127,OK
StrongLocal-B2,withdrawal,difference_min_jr_sigma_a_minus_b,-0.0008570661879346529,-0.0017653758388496493,0.0001552563968828886,127,OK
StrongLocal-B2,withdrawal,difference_violations_a_minus_b,0.023622047244094488,-0.007874015748031496,0.07086614173228346,127,OK
StrongLocal-B2,withdrawal,difference_psi_mae_a_minus_b,-0.0005106619287167186,-0.004713393728069734,0.0036311985641083798,127,OK
StrongLocal-B2,withdrawal,difference_elbow_mean_a_minus_b,-6.0350133379390564e-05,-0.0012945848018890273,0.0011303179453586315,127,OK
StrongLocal-B3,overall,difference_travel_a_minus_b,-0.016809401174538083,-0.040918895891739755,0.00797531977926894,127,OK
StrongLocal-B3,overall,difference_rms_velocity_a_minus_b,-0.001578735405038275,-0.009775156703753944,0.007117193798890407,127,OK
StrongLocal-B3,overall,difference_rms_acceleration_a_minus_b,0.3832402381923021,-1.1457886954686793,2.001629888320925,127,OK
StrongLocal-B3,overall,difference_rms_jerk_a_minus_b,171.38287604525405,-115.51501314432554,473.1468307979432,127,OK
StrongLocal-B3,overall,difference_min_margin_a_minus_b,0.007911038216267813,0.006541019060817294,0.009349746739741361,127,OK
StrongLocal-B3,overall,difference_min_jp_sigma_a_minus_b,0.00037912078395834745,0.00025704193187013694,0.0004962314482739814,127,OK
StrongLocal-B3,overall,difference_min_jr_sigma_a_minus_b,-0.0012647966907039531,-0.0019627198831902756,-0.00043967920816105735,127,OK
StrongLocal-B3,overall,difference_violations_a_minus_b,0.007874015748031496,-0.027559055118110236,0.04330708661417323,127,OK
StrongLocal-B3,overall,difference_psi_mae_a_minus_b,0.001825475541730716,-0.00041498323502513993,0.0041111712425465794,127,OK
StrongLocal-B3,overall,difference_elbow_mean_a_minus_b,0.00030449833998791526,-0.00029378825603411905,0.0009165228927601039,127,OK
StrongLocal-B3,transfer,difference_travel_a_minus_b,0.0051135385955929855,-0.019727318803843166,0.030574288176340954,127,OK
StrongLocal-B3,transfer,difference_rms_velocity_a_minus_b,0.0007190667379260152,-0.012953346725484283,0.014449671946499031,125,OK
StrongLocal-B3,transfer,difference_rms_acceleration_a_minus_b,0.6155046002728679,-1.2487874015312705,2.7337746700630805,125,OK
StrongLocal-B3,transfer,difference_rms_jerk_a_minus_b,201.1414673262981,-115.53027941814054,549.7962259683433,125,OK
StrongLocal-B3,transfer,difference_min_margin_a_minus_b,0.00556715038714578,0.004290876526977996,0.006963653659500781,125,OK
StrongLocal-B3,transfer,difference_min_jp_sigma_a_minus_b,0.00040498570732321526,0.00023841500682006924,0.0005670017549059846,125,OK
StrongLocal-B3,transfer,difference_min_jr_sigma_a_minus_b,-0.0026556934526598647,-0.0037307352893278752,-0.0011096736618116778,125,OK
StrongLocal-B3,transfer,difference_violations_a_minus_b,0.023622047244094488,-0.015748031496062992,0.06299212598425197,127,OK
StrongLocal-B3,transfer,difference_psi_mae_a_minus_b,0.0031929039390289917,0.0006650334008678726,0.0057433075936964536,125,OK
StrongLocal-B3,transfer,difference_elbow_mean_a_minus_b,0.00042032084999741817,-0.00016759862992040284,0.0010123284758840991,125,OK
StrongLocal-B3,withdrawal,difference_travel_a_minus_b,-0.03873234094466916,-0.06718743794716692,-0.01029599961264643,127,OK
StrongLocal-B3,withdrawal,difference_rms_velocity_a_minus_b,-0.0038108337746187233,-0.0095141831386679,0.0015742999889917398,127,OK
StrongLocal-B3,withdrawal,difference_rms_acceleration_a_minus_b,0.09193626333021135,-1.7039069050877238,1.8015074652507717,127,OK
StrongLocal-B3,withdrawal,difference_rms_jerk_a_minus_b,129.61075775685606,-224.4649255072918,480.8741773873709,127,OK
StrongLocal-B3,withdrawal,difference_min_margin_a_minus_b,0.010185649041350959,0.007583878508082672,0.013011189445193897,127,OK
StrongLocal-B3,withdrawal,difference_min_jp_sigma_a_minus_b,0.00035105851154592233,0.00020544428625773049,0.0004967891062315735,127,OK
StrongLocal-B3,withdrawal,difference_min_jr_sigma_a_minus_b,6.745880440800795e-05,-0.0007463914953358131,0.0010773074690611495,127,OK
StrongLocal-B3,withdrawal,difference_violations_a_minus_b,-0.007874015748031496,-0.06299212598425197,0.03937007874015748,127,OK
StrongLocal-B3,withdrawal,difference_psi_mae_a_minus_b,0.0006141330405224874,-0.002656116029528717,0.004155248035921563,127,OK
StrongLocal-B3,withdrawal,difference_elbow_mean_a_minus_b,0.00022851011695432374,-0.0007180005745672426,0.0012607473479051019,127,OK
StrongLocal-H_star,overall,difference_travel_a_minus_b,-0.11082798971604615,-0.13223855022140757,-0.08967962100394576,127,OK
StrongLocal-H_star,overall,difference_rms_velocity_a_minus_b,-0.013264587655766331,-0.021475492155699945,-0.0040171824158022965,127,OK
StrongLocal-H_star,overall,difference_rms_acceleration_a_minus_b,-8.032042322458839,-9.08209593083541,-6.998308754458815,127,OK
StrongLocal-H_star,overall,difference_rms_jerk_a_minus_b,-1519.8988607593972,-1709.2120013022118,-1330.938423137379,127,OK
StrongLocal-H_star,overall,difference_min_margin_a_minus_b,0.0014129624393807694,-0.00014959790064098427,0.002956759282598444,127,OK
StrongLocal-H_star,overall,difference_min_jp_sigma_a_minus_b,4.760684966958569e-06,-0.0001036686954420045,0.00011079459609617577,127,OK
StrongLocal-H_star,overall,difference_min_jr_sigma_a_minus_b,4.5115458325574986e-05,-0.0005928032638914793,0.0008295088043857167,127,OK
StrongLocal-H_star,overall,difference_violations_a_minus_b,0.01968503937007874,-0.007874015748031496,0.047244094488188976,127,OK
StrongLocal-H_star,overall,difference_psi_mae_a_minus_b,0.0025841524174834243,0.0007777249311425564,0.0043436439921035195,127,OK
StrongLocal-H_star,overall,difference_elbow_mean_a_minus_b,0.0005594038278716367,8.447533253171932e-05,0.0010334024488098616,127,OK
StrongLocal-H_star,transfer,difference_travel_a_minus_b,-0.11687870228070027,-0.1406041584074806,-0.09173760362904457,127,OK
StrongLocal-H_star,transfer,difference_rms_velocity_a_minus_b,-0.017220157542762043,-0.03090936273703764,-0.001141181158161616,125,OK
StrongLocal-H_star,transfer,difference_rms_acceleration_a_minus_b,-8.755100492875611,-10.195339953853157,-7.30374334122332,125,OK
StrongLocal-H_star,transfer,difference_rms_jerk_a_minus_b,-1693.161897769434,-1900.736851270386,-1497.3766386081554,125,OK
StrongLocal-H_star,transfer,difference_min_margin_a_minus_b,0.0024066019389744307,0.0010078337596205007,0.003981203108132055,125,OK
StrongLocal-H_star,transfer,difference_min_jp_sigma_a_minus_b,-4.176616607300065e-06,-0.00020133831957026084,0.00017665401042972048,125,OK
StrongLocal-H_star,transfer,difference_min_jr_sigma_a_minus_b,0.000755254852658366,-0.0004057976371886233,0.0022584159245392305,125,OK
StrongLocal-H_star,transfer,difference_violations_a_minus_b,0.031496062992125984,0.0,0.07086614173228346,127,OK
StrongLocal-H_star,transfer,difference_psi_mae_a_minus_b,0.0028359400327489077,0.0002759156661918439,0.0053824043301130805,125,OK
StrongLocal-H_star,transfer,difference_elbow_mean_a_minus_b,0.00039278210918074566,-0.00014683213497473541,0.0009284800695109932,125,OK
StrongLocal-H_star,withdrawal,difference_travel_a_minus_b,-0.10477727715139207,-0.13452157477539725,-0.07638065542235871,127,OK
StrongLocal-H_star,withdrawal,difference_rms_velocity_a_minus_b,-0.009667152822323275,-0.01692433552001775,-0.003917055204190665,127,OK
StrongLocal-H_star,withdrawal,difference_rms_acceleration_a_minus_b,-7.4915366392997695,-8.882348428383759,-6.0677952875078995,127,OK
StrongLocal-H_star,withdrawal,difference_rms_jerk_a_minus_b,-1383.1600864252116,-1652.5990200776143,-1086.2332427257047,127,OK
StrongLocal-H_star,withdrawal,difference_min_margin_a_minus_b,0.00043643360971405904,-0.0022437380723065135,0.003006799430154429,127,OK
StrongLocal-H_star,withdrawal,difference_min_jp_sigma_a_minus_b,1.2806707067168096e-05,-0.0001226156327257825,0.0001407896461497372,127,OK
StrongLocal-H_star,withdrawal,difference_min_jr_sigma_a_minus_b,-0.0006549983247797843,-0.0011338834308919944,-0.0002031861690784908,127,OK
StrongLocal-H_star,withdrawal,difference_violations_a_minus_b,0.007874015748031496,-0.031496062992125984,0.05511811023622047,127,OK
StrongLocal-H_star,withdrawal,difference_psi_mae_a_minus_b,0.0025726667625343732,-6.526432795088707e-05,0.005210795467531725,127,OK
StrongLocal-H_star,withdrawal,difference_elbow_mean_a_minus_b,0.0007924704508558452,2.6210195664261115e-05,0.0015692362109833839,127,OK
StrongLocal-HumanGT,overall,difference_travel_a_minus_b,0.1604486198854228,0.1150862000419395,0.20721568982462435,127,OK
StrongLocal-HumanGT,overall,difference_rms_velocity_a_minus_b,0.02138574739826678,-0.002627265291297706,0.04362275358801255,127,OK
StrongLocal-HumanGT,overall,difference_rms_acceleration_a_minus_b,6.728444098504292,4.584369066922838,8.89524392458416,127,OK
StrongLocal-HumanGT,overall,difference_rms_jerk_a_minus_b,1437.0020625195648,1105.9512325981975,1788.7911506689795,127,OK
StrongLocal-HumanGT,overall,difference_min_margin_a_minus_b,-0.011376343535008588,-0.018987976873693642,-0.003746779649668278,127,OK
StrongLocal-HumanGT,overall,difference_min_jp_sigma_a_minus_b,-0.00019987332242920233,-0.0007742291275796393,0.00035881601452799646,127,OK
StrongLocal-HumanGT,overall,difference_min_jr_sigma_a_minus_b,-0.0013626892618847327,-0.0040998539683328415,0.0012947886947227193,127,OK
StrongLocal-HumanGT,overall,difference_violations_a_minus_b,0.03937007874015748,-0.003937007874015748,0.09448818897637795,127,OK
StrongLocal-HumanGT,overall,difference_psi_mae_a_minus_b,0.0792144213503218,0.07246218354268527,0.08613912598056009,127,OK
StrongLocal-HumanGT,overall,difference_elbow_mean_a_minus_b,0.020984921815794415,0.019102081212009354,0.022944196658913403,127,OK
StrongLocal-HumanGT,transfer,difference_travel_a_minus_b,0.15734320595399556,0.09473018512740232,0.22812456144327167,127,OK
StrongLocal-HumanGT,transfer,difference_rms_velocity_a_minus_b,0.01052521212455597,-0.03251528150633536,0.05088273446382312,125,OK
StrongLocal-HumanGT,transfer,difference_rms_acceleration_a_minus_b,5.328357711208387,1.9065254282286097,8.716865521537807,125,OK
StrongLocal-HumanGT,transfer,difference_rms_jerk_a_minus_b,1211.47999441641,771.3474838436517,1678.5578808385017,125,OK
StrongLocal-HumanGT,transfer,difference_min_margin_a_minus_b,0.001686439401451638,-0.0033078763069978355,0.006889383036993311,125,OK
StrongLocal-HumanGT,transfer,difference_min_jp_sigma_a_minus_b,0.0002154120318410053,-0.0006349291464463567,0.0010608651390417447,125,OK
StrongLocal-HumanGT,transfer,difference_min_jr_sigma_a_minus_b,-0.00207150983921786,-0.006571350795654809,0.002393667778732468,125,OK
StrongLocal-HumanGT,transfer,difference_violations_a_minus_b,0.03937007874015748,-0.007874015748031496,0.08661417322834646,127,OK
StrongLocal-HumanGT,transfer,difference_psi_mae_a_minus_b,0.06315619425136172,0.05619343564887717,0.07080410054680296,125,OK
StrongLocal-HumanGT,transfer,difference_elbow_mean_a_minus_b,0.013671980364988318,0.012209505868987652,0.015237405151666154,125,OK
StrongLocal-HumanGT,withdrawal,difference_travel_a_minus_b,0.16355403381685013,0.10843488782820299,0.21993355037591925,127,OK
StrongLocal-HumanGT,withdrawal,difference_rms_velocity_a_minus_b,0.03227352394624679,0.014437993462841194,0.050361983462822855,127,OK
StrongLocal-HumanGT,withdrawal,difference_rms_acceleration_a_minus_b,7.935252603252961,5.7384493193515205,10.218794268205993,127,OK
StrongLocal-HumanGT,withdrawal,difference_rms_jerk_a_minus_b,1625.0822896927016,1235.7852873504355,2023.1951009337663,127,OK
StrongLocal-HumanGT,withdrawal,difference_min_margin_a_minus_b,-0.0220412219927004,-0.03605616966031539,-0.007933849124583135,127,OK
StrongLocal-HumanGT,withdrawal,difference_min_jp_sigma_a_minus_b,-0.0004689110161899959,-0.0011112248899413778,0.0001222088173772558,127,OK
StrongLocal-HumanGT,withdrawal,difference_min_jr_sigma_a_minus_b,-0.0002293545785675343,-0.002874714804244103,0.002210311514596809,127,OK
StrongLocal-HumanGT,withdrawal,difference_violations_a_minus_b,0.03937007874015748,-0.023622047244094488,0.12598425196850394,127,OK
StrongLocal-HumanGT,withdrawal,difference_psi_mae_a_minus_b,0.09329264370330707,0.08259554663188579,0.10435120986183696,127,OK
StrongLocal-HumanGT,withdrawal,difference_elbow_mean_a_minus_b,0.027601738417279757,0.0244199981069312,0.030891220232671556,127,OK
StrongLocal-RobotSmooth,overall,difference_travel_a_minus_b,0.05241394145669621,-0.0026781641606216378,0.11293648416038114,127,OK
StrongLocal-RobotSmooth,overall,difference_rms_velocity_a_minus_b,0.06313527578915745,0.02872864306246651,0.10474242967336997,127,OK
StrongLocal-RobotSmooth,overall,difference_rms_acceleration_a_minus_b,7.12223129814262,4.10969091008503,10.253981278116429,127,OK
StrongLocal-RobotSmooth,overall,difference_rms_jerk_a_minus_b,1033.0720518466394,557.7572785741094,1514.8281940778606,127,OK
StrongLocal-RobotSmooth,overall,difference_min_margin_a_minus_b,0.016151443556416244,0.008365063061092316,0.02424761759077205,127,OK
StrongLocal-RobotSmooth,overall,difference_min_jp_sigma_a_minus_b,-0.00153280712626742,-0.0023613649296575015,-0.0007470187823003924,127,OK
StrongLocal-RobotSmooth,overall,difference_min_jr_sigma_a_minus_b,0.010802716584882022,0.008561696086503088,0.013061682971706961,127,OK
StrongLocal-RobotSmooth,overall,difference_violations_a_minus_b,0.1062992125984252,0.051181102362204724,0.1732283464566929,127,OK
StrongLocal-RobotSmooth,overall,difference_psi_mae_a_minus_b,-0.0486128761583713,-0.058224175830104995,-0.039822152938497855,127,OK
StrongLocal-RobotSmooth,overall,difference_elbow_mean_a_minus_b,-0.013180708161324932,-0.0158531744016939,-0.01080682808411213,127,OK
StrongLocal-RobotSmooth,transfer,difference_travel_a_minus_b,0.07056809916268902,-0.008978733737351486,0.16217131921570777,127,OK
StrongLocal-RobotSmooth,transfer,difference_rms_velocity_a_minus_b,0.1087615993994826,0.05063228454081442,0.17011004219264164,125,OK
StrongLocal-RobotSmooth,transfer,difference_rms_acceleration_a_minus_b,12.259933681242998,8.48225929967404,16.53495313183207,125,OK
StrongLocal-RobotSmooth,transfer,difference_rms_jerk_a_minus_b,1666.2635493209063,1102.772260783397,2289.672845150383,125,OK
StrongLocal-RobotSmooth,transfer,difference_min_margin_a_minus_b,-0.023607119474310864,-0.027807324287591858,-0.019442576924497725,125,OK
StrongLocal-RobotSmooth,transfer,difference_min_jp_sigma_a_minus_b,-0.004829929890635021,-0.0058500948792871744,-0.003874360221043951,125,OK
StrongLocal-RobotSmooth,transfer,difference_min_jr_sigma_a_minus_b,0.02291290143985509,0.018819615306689554,0.0268963676636968,125,OK
StrongLocal-RobotSmooth,transfer,difference_violations_a_minus_b,0.11811023622047244,0.05511811023622047,0.1968503937007874,127,OK
StrongLocal-RobotSmooth,transfer,difference_psi_mae_a_minus_b,-0.04036577838849004,-0.05077674776736015,-0.02910077585069857,125,OK
StrongLocal-RobotSmooth,transfer,difference_elbow_mean_a_minus_b,-0.009136336939679471,-0.011534776592041966,-0.0066140452019213675,125,OK
StrongLocal-RobotSmooth,withdrawal,difference_travel_a_minus_b,0.034259783750703356,-0.02256983824324327,0.0958868690192691,127,OK
StrongLocal-RobotSmooth,withdrawal,difference_rms_velocity_a_minus_b,-0.0033434926534001088,-0.01505617516735178,0.009152186872304319,122,OK
StrongLocal-RobotSmooth,withdrawal,difference_rms_acceleration_a_minus_b,0.5964405495397778,-2.696789687434255,3.823042848573087,122,OK
StrongLocal-RobotSmooth,withdrawal,difference_rms_jerk_a_minus_b,258.28396209744204,-357.7200241121297,854.1091345070141,122,OK
StrongLocal-RobotSmooth,withdrawal,difference_min_margin_a_minus_b,0.058089604836818035,0.04217014257000684,0.0740599282314832,122,OK
StrongLocal-RobotSmooth,withdrawal,difference_min_jp_sigma_a_minus_b,0.0022892750672783265,0.0014007006978238189,0.0032053700069852578,122,OK
StrongLocal-RobotSmooth,withdrawal,difference_min_jr_sigma_a_minus_b,-0.002137982306739601,-0.0038180794018277194,-0.0005235629163729047,122,OK
StrongLocal-RobotSmooth,withdrawal,difference_violations_a_minus_b,0.09448818897637795,0.023622047244094488,0.1889763779527559,127,OK
StrongLocal-RobotSmooth,withdrawal,difference_psi_mae_a_minus_b,-0.059326502337688165,-0.07263032780002636,-0.04550329629239414,122,OK
StrongLocal-RobotSmooth,withdrawal,difference_elbow_mean_a_minus_b,-0.017742092026711006,-0.021800935164728082,-0.013498827954166884,122,OK
