parent_bite_id,phase,psi_range,delta_psi_range,rms_change_from_psi0,max_abs_change_from_psi0,total_abs_psi_travel,n_frames
trial_0012_bite_001,transfer,0.13790146685956728,0.13790146685956728,0.09475204653478594,0.13790146685956728,0.24432276604568415,144
trial_0012_bite_001,withdrawal,0.244152974397168,0.244152974397168,0.16471618970637825,0.244152974397168,0.3628505909454982,102
trial_0012_bite_002,transfer,0.15478630221911693,0.15478630221911693,0.11450806443634587,0.15371553751853506,0.30262277654002734,188
trial_0012_bite_002,withdrawal,0.09907616879545245,0.09907616879545245,0.03743792310084331,0.0814029246556145,0.2563400379116758,113
trial_0012_bite_003,transfer,0.05697777940970106,0.05697777940970106,0.03284181134359787,0.05466135595019539,0.2117704720183422,146
trial_0012_bite_003,withdrawal,0.045217054934092005,0.045217054934092005,0.03268338600592393,0.045217054934092005,0.13337673050905963,99
trial_0012_bite_004,transfer,0.15090705104449453,0.15090705104449453,0.11228405319588652,0.15090705104449453,0.305191080329998,147
trial_0012_bite_004,withdrawal,0.23994388354627683,0.23994388354627683,0.11562602898043688,0.20470450201416313,0.3634143166995356,140
trial_0012_bite_005,transfer,0.058035205364255216,0.058035205364255216,0.021273659735653115,0.03976796789138737,0.18289757462424472,122
trial_0012_bite_005,withdrawal,0.33969385486102244,0.33969385486102244,0.16700798499075925,0.3186951856066087,0.3991138009289208,137
trial_0012_bite_006,transfer,0.23890752391020653,0.23890752391020653,0.16605517182393426,0.23890752391020653,0.39132030659831596,157
trial_0012_bite_006,withdrawal,0.2614097846492034,0.2614097846492034,0.15285270561040384,0.25342904848018444,0.29620223826142,131
trial_0012_bite_007,transfer,0.09194091705914431,0.09194091705914431,0.03260999063445074,0.0806905401401612,0.26771582041183306,133
trial_0012_bite_007,withdrawal,0.2768897107524251,0.2768897107524251,0.12612079465504653,0.270502265919804,0.5734413336133892,140
trial_0012_bite_008,transfer,0.1246535808725957,0.1246535808725957,0.09264433986410772,0.1246535808725957,0.2993674397875381,168
trial_0012_bite_008,withdrawal,0.15144913058357456,0.15144913058357456,0.07109384945772473,0.11663529602419542,0.24338454245621355,98
trial_0012_bite_009,transfer,0.0873278507751083,0.0873278507751083,0.047200521660548896,0.08410692790482832,0.3264026293789959,230
trial_0012_bite_009,withdrawal,0.5128620742029137,0.5128620742029137,0.15029679943808943,0.2930716813100074,0.8599832911007752,138
trial_0012_bite_010,transfer,0.09124070752899938,0.09124070752899938,0.04879705560219626,0.09090722783931993,0.25768497234093424,152
trial_0012_bite_010,withdrawal,0.2953827014954755,0.2953827014954755,0.11541736336718252,0.23585727091490583,0.5996835414977135,99
trial_0012_bite_011,transfer,0.15533742524288652,0.15533742524288652,0.10531343727834369,0.1507526013815137,0.3270762399392093,205
trial_0012_bite_011,withdrawal,0.30612661561918975,0.30612661561918975,0.23622087693168642,0.2998929616342765,0.5184956861834373,175
trial_0012_bite_012,transfer,0.13225269178776822,0.13225269178776822,0.05858042807188908,0.12492800997175202,0.28590720230436606,180
trial_0012_bite_012,withdrawal,0.30258891701436896,0.30258891701436896,0.10539897421099577,0.22753642859911416,0.5616905813836115,97
trial_0012_bite_013,transfer,0.12303965161403996,0.12303965161403996,0.0733920957321813,0.12303965161403996,0.33142399513659804,204
trial_0012_bite_013,withdrawal,0.40680223673489424,0.40680223673489424,0.16927555182999815,0.3983603021997131,0.49799898651032626,120
trial_0012_bite_014,transfer,0.30522678127760106,0.30522678127760106,0.22567505288852854,0.30522678127760106,0.36321713896830765,176
trial_0012_bite_014,withdrawal,0.36137379860241303,0.36137379860241303,0.19321230128133282,0.34720786147206395,0.39964144262734225,120
trial_0012_bite_015,transfer,0.3611263117543704,0.3611263117543704,0.2521627147645272,0.3611263117543704,0.4750711916348309,151
trial_0012_bite_015,withdrawal,0.39156331213951745,0.39156331213951745,0.12249830428070486,0.32629785701049396,0.4766037914265855,115
trial_0013_bite_001,transfer,0.18747888609619956,0.18747888609619956,0.14168169198687727,0.18747888609619956,0.23226178054059465,124
trial_0013_bite_001,withdrawal,0.5510476329535718,0.5510476329535718,0.3875260350808941,0.5510476329535718,0.6358447104662486,85
trial_0013_bite_002,transfer,0.18135905401050545,0.18135905401050545,0.13945612431931287,0.18135905401050545,0.2483411307349339,131
trial_0013_bite_002,withdrawal,0.37244351495629013,0.37244351495629013,0.18398051861352985,0.3541769330933824,0.41365079267438754,116
trial_0013_bite_003,transfer,0.1536661899881615,0.1536661899881615,0.09867808869624976,0.1536661899881615,0.2573917260097329,164
trial_0013_bite_003,withdrawal,0.37083459103126426,0.37083459103126426,0.23667400634354,0.36695621269599554,0.5137874122510491,94
trial_0013_bite_004,transfer,0.008320985280614757,0.008320985280614757,0.0028791925997594635,0.00602700913435017,0.02750720591484912,20
trial_0013_bite_004,withdrawal,0.3381641190996616,0.16115656553889002,0.050305957501941535,0.14930581916352148,0.25801139134458806,71
trial_0013_bite_005,transfer,0.1156439466340764,0.06051320923085912,0.025765929337449308,0.051522314117944834,0.1300584682194703,88
trial_0013_bite_005,withdrawal,0.12182303243737413,0.16603993113403304,0.0685935188894255,0.12182303243737413,0.2059359691677547,81
trial_0013_bite_006,transfer,0.1973287000818642,0.1973287000818642,0.1518460888437244,0.1973287000818642,0.3141602384752473,158
trial_0013_bite_006,withdrawal,0.34374163158822224,0.34374163158822224,0.22162858950888312,0.34232082310627865,0.4469373212290222,142
trial_0013_bite_007,transfer,0.021856110279619756,0.021856110279619756,0.014480872385804642,0.021856110279619756,0.05614086712960198,39
trial_0013_bite_007,withdrawal,0.30368556587820095,0.30368556587820095,0.2010382956176825,0.2893043546914904,0.3767573404106894,136
trial_0013_bite_008,transfer,0.07617778359443461,0.07617778359443461,0.041827208374479834,0.07246272430496248,0.31993559498347324,198
trial_0013_bite_008,withdrawal,0.35087684926281604,0.35087684926281604,0.2109039814599831,0.34969322676610703,0.3673068911049251,85
trial_0013_bite_009,transfer,0.07320040167435682,0.07320040167435682,0.02240233921613101,0.04142811149993886,0.2519155008433063,158
trial_0013_bite_009,withdrawal,0.37846164772724444,0.37846164772724444,0.23419189783678468,0.3637450373408835,0.4551128739902741,108
trial_0013_bite_010,transfer,0.05760273776666791,0.05760273776666791,0.02580621416259299,0.05092565136085758,0.21627886101168015,135
trial_0013_bite_010,withdrawal,0.26536115149731865,0.26536115149731865,0.18704344844517465,0.25510106602005544,0.37665148488106803,140
trial_0013_bite_011,transfer,0.05577120037102157,0.05577120037102157,0.02004850147984391,0.04852199908605126,0.1845359310302026,131
trial_0013_bite_011,withdrawal,0.39947256081702154,0.39947256081702154,0.26619681954080404,0.3933962172802419,0.47981721260190024,118
trial_0013_bite_012,transfer,0.16472836873426866,0.16472836873426866,0.12449538302564031,0.16472836873426866,0.264569757807418,140
trial_0013_bite_012,withdrawal,0.35342841137037917,0.32828378594831253,0.1706792761415745,0.2661575814321089,0.3803441643367882,94
trial_0014_bite_001,transfer,0.1725031064839504,0.1725031064839504,0.12885057926400525,0.1725031064839504,0.31510630384085925,156
trial_0014_bite_001,withdrawal,0.32978279305005387,0.32978279305005387,0.18215188232183785,0.3167411292535447,0.35719944605428955,98
trial_0014_bite_002,transfer,0.10061674818939226,0.10061674818939226,0.06282923584528273,0.09926617528293225,0.215582105258187,174
trial_0014_bite_002,withdrawal,0.4599373878641768,0.4599373878641768,0.16404235056368546,0.34324249126623085,0.5822091865354513,109
trial_0014_bite_003,transfer,0.23974330376870867,0.23974330376870867,0.1753538581612889,0.23974330376870867,0.29027780298720574,132
trial_0014_bite_003,withdrawal,0.4465934657839772,0.4465934657839772,0.24348697860578003,0.40433986354674945,0.4888470680212049,102
trial_0014_bite_004,transfer,0.2340678494237456,0.2340678494237456,0.16903029916612866,0.2340678494237456,0.29738540177763273,112
trial_0014_bite_004,withdrawal,0.23607604395443316,0.23607604395443316,0.1276315320611255,0.18786936709517832,0.2973326611229785,95
trial_0014_bite_005,transfer,0.3584770672839732,0.3584770672839732,0.2627562955182271,0.3584770672839732,0.3628285846760777,124
trial_0014_bite_005,withdrawal,0.3438763499392259,0.3438763499392259,0.20487132530614668,0.3108405194447852,0.37705907456513676,62
trial_0014_bite_006,transfer,0.25601576311064145,0.25601576311064145,0.17895658170696796,0.25601576311064145,0.25958194666737056,91
trial_0014_bite_006,withdrawal,0.33959797813349857,0.33959797813349857,0.2016952582614818,0.3240199943315356,0.41475447860666304,81
trial_0014_bite_007,transfer,0.22868337481329393,0.22868337481329393,0.17224253662398242,0.22868337481329393,0.257876398157161,111
trial_0014_bite_007,withdrawal,0.3061717159651489,0.3061717159651489,0.1584297693351281,0.2949945691368825,0.3173669644874968,86
trial_0014_bite_008,transfer,0.2518891670999652,0.2518891670999652,0.18371814410508897,0.2518891670999652,0.25873714085217525,94
trial_0014_bite_008,withdrawal,0.4507624184310344,0.4507624184310344,0.1866939016907544,0.3949479045424913,0.5065769323195775,74
trial_0014_bite_009,transfer,0.27755302315644403,0.27755302315644403,0.18406382194679677,0.27755302315644403,0.28081786250510277,114
trial_0014_bite_009,withdrawal,0.20224068840270082,0.20224068840270082,0.11071760229581651,0.19041731892535596,0.22054697656501032,52
trial_0014_bite_010,transfer,0.33074426157047787,0.33074426157047787,0.2566037572452201,0.33074426157047787,0.3619080373097554,124
trial_0014_bite_010,withdrawal,0.3311616463979612,0.3311616463979612,0.20102836225374313,0.3266381989550937,0.3437753826064829,77
trial_0014_bite_011,transfer,0.29852291817495535,0.29852291817495535,0.1999407817815032,0.29852291817495535,0.3068075236905994,131
trial_0014_bite_011,withdrawal,0.438303761248541,0.438303761248541,0.22491457278926,0.42679325135453894,0.4514491564516936,81
trial_0014_bite_012,transfer,0.39792213462237314,0.39792213462237314,0.28939865569741324,0.39792213462237314,0.39959063090443525,103
trial_0014_bite_012,withdrawal,0.27233651340181053,0.27233651340181053,0.1316230547189877,0.23372322605806062,0.3133587827420623,104
trial_0014_bite_013,transfer,0.4045318172311756,0.4045318172311756,0.30286095830955945,0.4045318172311756,0.408601363292469,108
trial_0014_bite_013,withdrawal,0.22717255469850128,0.22717255469850128,0.10415447433915785,0.18062832754095215,0.2765627638526169,115
trial_0014_bite_014,transfer,0.2988253914229988,0.2988253914229988,0.2599417726358345,0.2988253914229988,0.3498205401928862,129
trial_0014_bite_014,withdrawal,0.38614189705303614,0.38614189705303614,0.2955896132660152,0.3780708711104146,0.4013337974078799,106
trial_0014_bite_015,transfer,0.313618238071216,0.313618238071216,0.23613882204188105,0.313618238071216,0.3228973664805874,130
trial_0014_bite_015,withdrawal,0.43198653034068935,0.43198653034068935,0.3252344855591306,0.43081041025722167,0.43512570742111256,106
trial_0014_bite_016,transfer,0.3074919738409525,0.3074919738409525,0.2556895857376373,0.3074919738409525,0.3373336599766965,137
trial_0014_bite_016,withdrawal,0.23765775421777224,0.23765775421777224,0.15558097358429046,0.22545737663183818,0.2570206386601961,94
trial_0014_bite_017,transfer,0.2405143628675006,0.2405143628675006,0.17399772116521228,0.2348421084073995,0.26366086581742065,121
trial_0014_bite_017,withdrawal,0.32460949603337097,0.32460949603337097,0.2064601010366711,0.30919752875401585,0.35384972560788786,99
trial_0014_bite_018,transfer,0.2935016794165137,0.2935016794165137,0.2255918500660542,0.2935016794165137,0.31255985870195113,156
trial_0014_bite_018,withdrawal,0.2924929418993023,0.2924929418993023,0.18348026139490473,0.29133543269190243,0.32191267723434747,86
trial_0014_bite_019,transfer,0.1349740297541362,0.1349740297541362,0.08985727604395148,0.1349740297541362,0.24611684416802015,127
trial_0014_bite_019,withdrawal,0.4095429817522702,0.4095429817522702,0.14624329215809898,0.3167863598020024,0.502299603702538,104
trial_0014_bite_020,transfer,0.16902524354351245,0.16902524354351245,0.055295788023378305,0.10164590483562197,0.29278772197023706,157
trial_0014_bite_020,withdrawal,0.38431394336541436,0.38431394336541436,0.21895606441036602,0.36034595825657334,0.40867222390608937,104
trial_0014_bite_021,transfer,0.1872794500175412,0.1872794500175412,0.13535996426912486,0.1872794500175412,0.25894736458663736,205
trial_0014_bite_021,withdrawal,0.39251039651390807,0.39251039651390807,0.2715594843140607,0.38778659827876893,0.5017283269214206,99
trial_0015_bite_001,transfer,0.11310148116708518,0.11310148116708518,0.08336180335011725,0.11310148116708518,0.23556661337911633,145
trial_0015_bite_001,withdrawal,0.37615347324745807,0.37615347324745807,0.23769285294096582,0.37615347324745807,0.3763096615770434,149
trial_0015_bite_002,transfer,0.25192600402993115,0.25192600402993115,0.17965280411053738,0.25192600402993115,0.2917323977848274,108
trial_0015_bite_002,withdrawal,0.5389296693758969,0.5389296693758969,0.3192633020992282,0.5376755147156671,0.5444716490174311,129
trial_0015_bite_003,transfer,0.22571206177204717,0.22571206177204717,0.16908593550128106,0.22571206177204717,0.2756429297891567,154
trial_0015_bite_003,withdrawal,0.4126415976705964,0.4126415976705964,0.23176205125135854,0.3877316674882394,0.43808724250049647,153
trial_0015_bite_004,transfer,0.23297047435831386,0.23297047435831386,0.1607726837909592,0.23297047435831386,0.3080330849112576,145
trial_0015_bite_004,withdrawal,0.40375006718413076,0.40375006718413076,0.19589505857651887,0.3825496798516608,0.42495045451660074,136
trial_0015_bite_005,transfer,0.27825882328898155,0.27825882328898155,0.18999297598602596,0.27825882328898155,0.33484416392551664,122
trial_0015_bite_005,withdrawal,0.5291351483222027,0.5291351483222027,0.39412753700927017,0.5249039537334639,0.5680244561967198,163
trial_0015_bite_006,transfer,0.2636133957559932,0.2636133957559932,0.19741448213124735,0.2636133957559932,0.31333596752844173,122
trial_0015_bite_006,withdrawal,0.5276413105411635,0.5276413105411635,0.23765993126986362,0.44485606282337287,0.613537929718476,146
trial_0015_bite_007,transfer,0.1495491803811655,0.1495491803811655,0.11771180480677366,0.1495491803811655,0.18559399519387743,127
trial_0015_bite_007,withdrawal,0.25232250711332815,0.25232250711332815,0.14156373103827818,0.22491259340682968,0.3575567761545635,144
trial_0015_bite_008,transfer,0.13131544241476734,0.13131544241476734,0.07823974529380605,0.12666454012617878,0.18071010318987168,169
trial_0015_bite_008,withdrawal,0.1448095946548138,0.1448095946548138,0.06462401200235732,0.11305430962317597,0.24108453752572023,227
trial_0015_bite_009,transfer,0.4088241297331767,0.4088241297331767,0.3058671948459505,0.4088241297331767,0.47436039275451725,158
trial_0015_bite_009,withdrawal,0.7133260646206585,0.7133260646206585,0.3047932293268309,0.6496477995961079,0.7781587131303191,183
trial_0015_bite_010,transfer,0.180811066507367,0.180811066507367,0.131414358935121,0.180811066507367,0.2547618848160762,150
trial_0015_bite_010,withdrawal,0.4953021211530131,0.4953021211530131,0.22353210610457946,0.46650757064849424,0.5349778152758335,131
trial_0015_bite_011,transfer,0.23480638471356485,0.23480638471356485,0.1806437142540829,0.23480638471356485,0.3003647283132409,126
trial_0015_bite_011,withdrawal,0.533716472372828,0.533716472372828,0.25697179424682204,0.48079737225169605,0.5870588741557734,124
trial_0015_bite_012,transfer,0.08848696218878471,0.08848696218878471,0.0540850075390261,0.08717865831312155,0.1047562445642174,44
trial_0015_bite_012,withdrawal,0.339343851336392,0.339343851336392,0.16026771399048306,0.31076314557657714,0.3723261358727692,129
trial_0015_bite_013,transfer,0.24451978922604445,0.24451978922604445,0.19330202244271733,0.24451978922604445,0.3058760777639007,146
trial_0015_bite_013,withdrawal,0.1905438699149875,0.1905438699149875,0.07052824485195508,0.09591363475066395,0.31781279553899777,183
trial_0015_bite_014,transfer,0.24480655084180203,0.24480655084180203,0.1836879887843985,0.24480655084180203,0.29555299201461027,116
trial_0015_bite_014,withdrawal,0.25661934026051547,0.25661934026051547,0.11748846431033778,0.189359842555767,0.3435979451347895,138
trial_0015_bite_015,transfer,0.22967002204698828,0.22967002204698828,0.17823047660676727,0.22967002204698828,0.2780775163193865,110
trial_0015_bite_015,withdrawal,0.2759048566001332,0.2759048566001332,0.10860270907366512,0.1591928510956988,0.41794847499779486,169
trial_0015_bite_016,transfer,0.12179531637312113,0.12179531637312113,0.0831472820321268,0.12179531637312113,0.23022006038896725,156
trial_0015_bite_016,withdrawal,0.4174484631130442,0.4174484631130442,0.17303310394068405,0.32863890118724237,0.5381401475233063,156
trial_0015_bite_017,transfer,0.08879729594476737,0.08879729594476737,0.02711287214054561,0.060527005398547384,0.21268847829188786,160
trial_0015_bite_017,withdrawal,0.44187662824106644,0.44187662824106644,0.16542813592853142,0.3193493814566497,0.5722592891986946,178
trial_0015_bite_018,transfer,0.14548641568976395,0.14548641568976395,0.08321220077839515,0.1258382297460039,0.23590345922346545,151
trial_0015_bite_018,withdrawal,0.35534238519120054,0.35534238519120054,0.13182789076208318,0.25023760382776494,0.47417882119167754,178
trial_0015_bite_019,transfer,0.22853140690077245,0.22853140690077245,0.18181760557904433,0.22853140690077245,0.33616766303070555,185
trial_0015_bite_019,withdrawal,0.27518577303059155,0.27518577303059155,0.12253281980072989,0.23238112564277635,0.388967027517777,149
trial_0017_bite_001,transfer,0.30178465770458995,0.30178465770458995,0.20973807860651636,0.30178465770458995,0.41747491177551366,219
trial_0017_bite_001,withdrawal,0.5517981870276345,0.5517981870276345,0.2727832302347354,0.5328669377360002,0.5800171721025809,129
trial_0017_bite_002,transfer,0.4174834379438872,0.4174834379438872,0.3472541904675346,0.4174834379438872,0.48727693112614157,167
trial_0017_bite_002,withdrawal,0.5047541634744057,0.5047541634744057,0.24265869964930864,0.44247652386798464,0.5770893340231034,90
trial_0017_bite_003,transfer,0.08647912417068682,0.08647912417068682,0.054555291457807555,0.07698082219616875,0.15313971923118075,119
trial_0017_bite_003,withdrawal,0.577005539363209,0.577005539363209,0.2629735806780292,0.5114453067777851,0.6510162977136873,100
trial_0017_bite_004,transfer,0.100405660956989,0.100405660956989,0.07078446729428887,0.09425031201396061,0.16315574598698568,103
trial_0017_bite_004,withdrawal,0.5851834194019245,0.44889334882477394,0.2248192248962088,0.415839603772739,0.46872911309664067,93
trial_0017_bite_005,transfer,0.18160196460445244,0.18160196460445244,0.14139198236854555,0.18160196460445244,0.27498665342892403,190
trial_0017_bite_005,withdrawal,0.15059788994960144,0.15059788994960144,0.03390679503094868,0.102702907144542,0.2246408874876633,79
trial_0017_bite_006,transfer,0.18768257883501605,0.08557708884185145,0.05583713611805673,0.08385929798286851,0.162739578627205,160
trial_0017_bite_006,withdrawal,0.7136682956361828,0.5196603286864252,0.3499938555350314,0.4715622257312644,0.5794811276004208,108
trial_0017_bite_007,transfer,0.21408210787491821,0.09568595019539128,0.031031889321147022,0.05855099016452403,0.2297520698780855,156
trial_0017_bite_007,withdrawal,0.23127622014352278,0.08148604767614387,0.03497618555777352,0.04808605402253496,0.09765809799859948,64
trial_0017_bite_008,transfer,0.030835327303561755,0.030835327303561755,0.01874218929111623,0.030835327303561755,0.06443983181276502,49
trial_0017_bite_008,withdrawal,0.43592020943884924,0.30538795859468637,0.14166263020047432,0.2510515415781529,0.331135348079302,74
trial_0017_bite_009,transfer,0.20413904902083368,0.20413904902083368,0.13257708520958103,0.20413904902083368,0.40200616658453825,233
trial_0017_bite_009,withdrawal,0.43716595478010367,0.16462225631347582,0.0757915586635024,0.12400044706045366,0.16854838835488106,70
trial_0017_bite_010,transfer,0.13195724923852392,0.06968593851630489,0.022084062858464194,0.05221679264346424,0.2571133068707381,178
trial_0017_bite_010,withdrawal,0.6087286729892476,0.20302384286432673,0.1360121962247104,0.1846549893374574,0.22789973448263723,73
trial_0017_bite_011,transfer,0.11512287433587431,0.04756899455405561,0.007691400577978758,0.029021557266338593,0.1254421341627996,120
trial_0017_bite_011,withdrawal,0.3670701368939886,0.11939782024163392,0.03256222020132604,0.07529452696017858,0.15299357134841962,71
trial_0017_bite_012,transfer,0.09701548530509463,0.09701548530509463,0.031456200842018125,0.06487821119397497,0.22153809546510272,176
trial_0017_bite_012,withdrawal,0.2767987265073151,0.09727327478810777,0.048488267921161524,0.08016355040670797,0.11269235695390822,68
trial_0017_bite_013,transfer,0.09132547997984641,0.04935801458610767,0.018959282210938157,0.03554779232536376,0.09698137834296272,90
trial_0017_bite_013,withdrawal,0.5212315356032176,0.3261189387002661,0.20480424467575334,0.29614008004800185,0.3897133899843399,79
trial_0017_bite_014,transfer,0.05806317961244689,0.05806317961244689,0.023193612596210056,0.04530977501289968,0.19720296584606567,232
trial_0017_bite_014,withdrawal,0.5849264619892955,0.5849264619892955,0.3495727651959778,0.5575174233527647,0.8198180163263271,149
trial_0017_bite_015,transfer,0.10430663897056158,0.10430663897056158,0.060685219072865976,0.10253053204118112,0.35511668579046596,332
trial_0017_bite_015,withdrawal,6.133571094704028,0.12070114035506707,0.04002414339475059,0.08580506194477255,0.2960139350915183,75
trial_0019_bite_001,transfer,0.19110312821855047,0.19110312821855047,0.11342214853273878,0.1685370934197672,0.24254712729705563,106
trial_0019_bite_001,withdrawal,0.5690175665564232,0.5690175665564232,0.2192381091153917,0.5078215263109036,0.6302136068019428,91
trial_0019_bite_002,transfer,0.1198408630317922,0.1198408630317922,0.07714476538635873,0.1198408630317922,0.2118875564922864,124
trial_0019_bite_002,withdrawal,0.3673837406577345,0.3673837406577345,0.11288159581249836,0.2087669675065329,0.527908880033841,102
trial_0019_bite_003,transfer,0.19110495111116155,0.19110495111116155,0.13637127967742846,0.19110495111116155,0.25110114928268024,115
trial_0019_bite_003,withdrawal,0.2403530459902643,0.2403530459902643,0.14052474459894457,0.2257389289642444,0.26375477300480066,93
trial_0019_bite_004,transfer,0.2595352594168685,0.2595352594168685,0.2047986066805233,0.2595352594168685,0.3012880025767357,113
trial_0019_bite_004,withdrawal,0.44381470642904297,0.44381470642904297,0.15405240162435302,0.26589975796781484,0.6217296548902711,90
trial_0019_bite_005,transfer,0.21482297694142405,0.21482297694142405,0.1775766610524882,0.2141619268236239,0.26227046414645505,128
trial_0019_bite_005,withdrawal,0.17319469234376905,0.17319469234376905,0.12026887415919431,0.17319469234376905,0.29362847066042885,156
trial_0019_bite_006,transfer,0.06919589542192561,0.06919589542192561,0.041620427576394795,0.06919589542192561,0.16057404986258694,110
trial_0019_bite_006,withdrawal,0.2572296472295852,0.2572296472295852,0.09884783102600202,0.1304425226453776,0.4101543297641137,116
trial_0019_bite_007,transfer,0.14523786762192303,0.1732464276825687,0.05146145579394526,0.11595837054578917,0.20550794893594881,114
trial_0019_bite_007,withdrawal,0.20887834498998625,0.33495757038692453,0.15806115410735153,0.2033365439000141,0.3662965194255312,99
trial_0019_bite_008,transfer,0.06676309450656026,0.06676309450656026,0.021935121417667444,0.04755976125654282,0.1833656435442177,136
trial_0019_bite_008,withdrawal,0.19247595375387094,0.19247595375387094,0.06507822390461271,0.1179929723373978,0.32564127884994676,113
trial_0019_bite_009,transfer,0.08411490225625151,0.08411490225625151,0.05713114800818364,0.0821358185758454,0.160918804809552,133
trial_0019_bite_009,withdrawal,0.28454470091445616,0.28454470091445616,0.12904351871178157,0.19181954636584875,0.3879114366102385,108
trial_0019_bite_010,transfer,0.09521707054314943,0.09521707054314943,0.07276325221037584,0.09521707054314943,0.20969361295215716,137
trial_0019_bite_010,withdrawal,0.3610205531831596,0.3610205531831596,0.16629228713143085,0.25397183511325405,0.4776007064523595,99
trial_0019_bite_011,transfer,0.13071456403037107,0.0996802094883491,0.02798129771742886,0.05073389628316205,0.37293874260426163,176
trial_0019_bite_011,withdrawal,0.3451965915772153,0.3451965915772153,0.1143799199265985,0.22826605937580657,0.5734626509530218,104
trial_0019_bite_012,transfer,0.08858319567152106,0.08858319567152106,0.06774301678676646,0.08858319567152106,0.13491983423747467,116
trial_0019_bite_012,withdrawal,0.34513626631301264,0.34513626631301264,0.18803556637123353,0.303154028469387,0.389134324835795,113
trial_0019_bite_013,transfer,0.13416830406930247,0.13416830406930247,0.09862192410842523,0.1340774616128484,0.17422493140049244,140
trial_0019_bite_013,withdrawal,0.5842433718916853,0.5842433718916853,0.31773561763417124,0.5173337480004481,0.7054891357825746,113
trial_0019_bite_014,transfer,0.11579894071593433,0.11579894071593433,0.06309231897323107,0.11579894071593433,0.258375675621799,178
trial_0019_bite_014,withdrawal,0.5910666216069567,0.5910666216069567,0.25249667909804063,0.4705924529549699,0.7115407902589435,115
trial_0019_bite_015,transfer,0.06720596071802287,0.06720596071802287,0.03634494764257117,0.05679878542134453,0.14719329978060225,130
trial_0019_bite_015,withdrawal,0.31238337038670627,0.31238337038670627,0.1830296265132858,0.2709235636120382,0.41306609809691164,106
trial_0019_bite_016,transfer,0.08979519992675167,0.08979519992675167,0.053221672237333525,0.08089496451391165,0.14953897071594735,151
trial_0019_bite_016,withdrawal,0.49591172024270236,0.49591172024270236,0.30071080472109485,0.4499322682417217,0.5441771887710738,99
trial_0019_bite_017,transfer,0.07122740474237332,0.07122740474237332,0.031069880555482324,0.051624564041414356,0.14052459106123694,135
trial_0019_bite_017,withdrawal,0.47557682815472146,0.47557682815472146,0.19436694004831745,0.38821049711964273,0.565526113004593,106
trial_0019_bite_018,transfer,0.11940465770382458,0.11940465770382458,0.09044301352586354,0.11940465770382458,0.21554922339903904,133
trial_0019_bite_018,withdrawal,0.5230850289643136,0.5230850289643136,0.26961022918900585,0.4361020539499605,0.6187705982136995,111
trial_0019_bite_019,transfer,0.07459759770051555,0.07459759770051555,0.031940492151514024,0.05693052431282242,0.14575932638563582,143
trial_0019_bite_019,withdrawal,0.44381683978859954,0.44381683978859954,0.2735895880749314,0.42715117200773367,0.5402179001727863,97
trial_0019_bite_020,transfer,0.13909080538226126,0.13909080538226126,0.0893330540526915,0.1293493801787151,0.19891594277002644,185
trial_0019_bite_020,withdrawal,0.34865367524515145,0.34865367524515145,0.15781173565839718,0.2924210752784795,0.43630143830565515,135
trial_0019_bite_021,transfer,0.06758520007114877,0.06758520007114877,0.05178418103904093,0.06652296500665855,0.1441252262606505,178
trial_0019_bite_021,withdrawal,0.3818360617701222,0.3818360617701222,0.15455233043651276,0.31331414099095767,0.4550293230712894,116
trial_0019_bite_022,transfer,0.12913808108083158,0.12913808108083158,0.09159941061106125,0.12913808108083158,0.20541474452518038,140
trial_0019_bite_022,withdrawal,0.228263079328066,0.228263079328066,0.09236267580787938,0.1892365135000209,0.46060599314568984,108
trial_0019_bite_023,transfer,0.06834479249351677,0.06834479249351677,0.03781466354941788,0.0652309434065228,0.1262460914892385,140
trial_0019_bite_023,withdrawal,0.40586983910313634,0.40586983910313634,0.14988149089836425,0.3201994106163162,0.496522166388107,113
trial_0019_bite_024,transfer,0.0735161126389805,0.0735161126389805,0.045868136092265165,0.0735161126389805,0.14565595487210636,151
trial_0019_bite_024,withdrawal,0.24934797165554112,0.24934797165554112,0.10105168681328738,0.17288100473267987,0.41892718708353405,113
trial_0019_bite_025,transfer,0.04830017983257262,0.04081577912139034,0.011941806768633217,0.039188861122757324,0.14435698757156823,186
trial_0019_bite_025,withdrawal,0.22567443335583226,0.22567443335583226,0.140563227821688,0.2032085345173491,0.334258779587679,108
trial_0019_bite_026,transfer,0.10188191735516305,0.10188191735516305,0.05003625306122934,0.08459317999984206,0.20826828981320622,149
trial_0019_bite_026,withdrawal,0.4843102910947561,0.4843102910947561,0.3165172620585484,0.4455439322999828,0.577830387111125,120
trial_0020_bite_001,transfer,0.2498715843423076,0.2498715843423076,0.19344239531750843,0.2498715843423076,0.30185152094399204,126
trial_0020_bite_001,withdrawal,0.3788560776277894,0.3788560776277894,0.25950573549098516,0.37752783871494877,0.40840574912840566,96
trial_0020_bite_002,transfer,0.2537558654061858,0.2537558654061858,0.1747053792141326,0.2537558654061858,0.3087719200490122,165
trial_0020_bite_002,withdrawal,0.7149399862633095,0.7149399862633095,0.4601665649072571,0.6953595092077078,0.7358142086480903,113
trial_0020_bite_003,transfer,0.19144065060881,0.19144065060881,0.14273384622767585,0.19013591108576033,0.23188741557925008,120
trial_0020_bite_003,withdrawal,0.4813637914723321,0.4813637914723321,0.29772335322851257,0.4721388481905797,0.49079278755393263,76
trial_0020_bite_004,transfer,0.21472716467211939,0.21472716467211939,0.17653492624719702,0.21472716467211939,0.277448313665404,151
trial_0020_bite_004,withdrawal,0.523536639156688,0.523536639156688,0.35507042442225056,0.5086836040721767,0.5453814308453659,97
trial_0020_bite_005,transfer,0.14829814179230283,0.14829814179230283,0.09533461068668998,0.13625834312951435,0.21229404944296615,148
trial_0020_bite_005,withdrawal,0.4748549424953432,0.4748549424953432,0.2645997648690535,0.43291432766957305,0.5287608200100826,104
trial_0020_bite_006,transfer,0.17692916102746503,0.17692916102746503,0.14708653956371687,0.17692916102746503,0.2133013104887791,113
trial_0020_bite_006,withdrawal,0.4121438410858196,0.13027428115813589,0.02937448261015569,0.10141870524564345,0.1753368017590824,62
trial_0020_bite_007,transfer,0.3013454831632285,0.3013454831632285,0.24567107145161107,0.3013454831632285,0.3224595117807505,113
trial_0020_bite_007,withdrawal,0.4607726648120818,0.4607726648120818,0.26272615417326706,0.4466539916005794,0.4792937779539179,98
trial_0020_bite_008,transfer,0.24988910236790263,0.24988910236790263,0.19444738800822683,0.24988910236790263,0.27201131121041744,142
trial_0020_bite_008,withdrawal,0.4770902358436624,0.4770902358436624,0.30229479925723235,0.47629869435499206,0.4875621826369292,100
trial_0020_bite_009,transfer,0.21169593131241315,0.21169593131241315,0.17344788821350227,0.21014300812696796,0.26233093778146976,131
trial_0020_bite_009,withdrawal,0.4695267892342696,0.4695267892342696,0.2867812529954574,0.45848606452612994,0.49470393951034186,111
trial_0020_bite_010,transfer,0.21849212901900472,0.21849212901900472,0.15628255984330805,0.21849212901900472,0.26399946125125906,147
trial_0020_bite_010,withdrawal,0.6342395536782064,0.6342395536782064,0.37629424880949885,0.611514594196934,0.661723335673635,102
trial_0020_bite_011,transfer,0.23781573337007345,0.23781573337007345,0.18777950089912138,0.23781573337007345,0.2904764922154244,162
trial_0020_bite_011,withdrawal,0.45605153670085485,0.45605153670085485,0.301592478579525,0.44535105018652965,0.4701577268179693,100
trial_0020_bite_012,transfer,0.24640581032386288,0.24640581032386288,0.19831987927513395,0.24640581032386288,0.32062556819794974,120
trial_0020_bite_012,withdrawal,0.6311367326871347,0.6311367326871347,0.4335046014801317,0.6215661219140487,0.641702169358354,124
trial_0020_bite_013,transfer,0.15251269635530207,0.15251269635530207,0.1139620078744513,0.14744656563855107,0.20660430526071538,143
trial_0020_bite_013,withdrawal,0.6164040202477521,0.6164040202477521,0.4044024375091014,0.5983768762061543,0.6495591731909891,149
trial_0020_bite_014,transfer,0.1894780210340068,0.1894780210340068,0.1190343370299236,0.17526243367830263,0.23529631232499915,149
trial_0020_bite_014,withdrawal,0.6665178320694887,0.6665178320694887,0.41174569148285173,0.6418359305692949,0.7109156998013981,117
trial_0020_bite_015,transfer,0.22072113902578616,0.22072113902578616,0.11540448586895621,0.209441886150453,0.4663506144591145,323
trial_0020_bite_015,withdrawal,0.7348014025967498,0.7348014025967498,0.42099217953150786,0.721734878319694,0.7547064533326546,104
trial_0020_bite_016,transfer,0.14446366729177162,0.14446366729177162,0.08464808501510114,0.12374518239447196,0.21218390954739963,163
trial_0020_bite_016,withdrawal,0.4011910968177128,0.4011910968177128,0.25628531806495114,0.3907478686913728,0.4538955415244952,95
trial_0020_bite_017,withdrawal,0.604137835746732,0.604137835746732,0.34937947507123607,0.5815231821044491,0.6314381629220667,104
trial_0020_bite_018,transfer,0.13393955709367678,0.13393955709367678,0.10574986880925769,0.13393955709367678,0.24076136427208716,201
trial_0020_bite_018,withdrawal,0.7035833312382431,0.7035833312382431,0.3839184611907318,0.6731415431626959,0.7340521326744018,108
trial_0020_bite_019,withdrawal,0.6305755966456661,0.6305755966456661,0.4570566614059777,0.6300492678049929,0.6324874641041074,90
