grouping,group,condition,offset_rad,strategy,reference,support_bites,support_common_success_frames,psi_mae,psi_rmse,q_rms,elbow_mean,plane_mean
overall,overall,psi0_minus_025,-0.25,B0,shifted_HumanGT,127,30612,0.13090802231379553,0.15814551972841462,0.49125510439085845,0.035220564844531684,0.13090802236368548
overall,overall,psi0_minus_025,-0.25,B2,shifted_HumanGT,127,30678,0.07632385811241317,0.09137213862900292,0.28903084443504923,0.020336618830650532,0.07632385816222263
overall,overall,psi0_minus_025,-0.25,B3,shifted_HumanGT,127,30676,0.07611302977070872,0.0911667523252139,0.3208712294397597,0.02027551957743901,0.07611302982051481
overall,overall,psi0_minus_025,-0.25,StrongLocal,shifted_HumanGT,127,30682,0.07717899217282202,0.09218825665227542,0.3509060979385863,0.020318327164539896,0.0771789922226356
overall,overall,psi0_minus_025,-0.25,H_star,shifted_HumanGT,127,30683,0.07491410817010966,0.08934123832236306,0.3218947011071015,0.019848081154390098,0.07491410821992409
overall,overall,psi0_minus_025,-0.25,RobotSmooth,shifted_HumanGT,127,30652,0.1391684081041553,0.16857907390454263,0.36878366955075276,0.03752821832586886,0.13916840815400172
overall,overall,psi0_nominal,0.0,B0,shifted_HumanGT,127,30370,0.12985952667552295,0.15680675840953448,0.3414646626940156,0.034655612987829494,0.1298595267298517
overall,overall,psi0_nominal,0.0,B2,shifted_HumanGT,127,30522,0.07605733731444533,0.09115647507529503,0.18251332265203893,0.020131494332937306,0.0760573373687478
overall,overall,psi0_nominal,0.0,B3,shifted_HumanGT,127,30522,0.07596571210329445,0.0910794279235756,0.17942486770762014,0.02010323622049353,0.07596571215758854
overall,overall,psi0_nominal,0.0,StrongLocal,shifted_HumanGT,127,30523,0.07699891207728986,0.09207116399233298,0.18282144533377534,0.02013893933269614,0.07699891213158323
overall,overall,psi0_nominal,0.0,H_star,shifted_HumanGT,127,30522,0.07468430950753958,0.08916703678863695,0.17439458453025916,0.019649515860452747,0.07468430956183532
overall,overall,psi0_nominal,0.0,RobotSmooth,shifted_HumanGT,127,30503,0.1255676272648779,0.15203671117407294,0.2795695826300192,0.03331964292219971,0.12556762731924098
overall,overall,psi0_plus_025,0.25,B0,shifted_HumanGT,127,30123,0.12897595084622923,0.15564492107207015,0.4544989713315926,0.03386886772217896,0.12897595089377092
overall,overall,psi0_plus_025,0.25,B2,shifted_HumanGT,127,30215,0.0751787472532406,0.09032254945804837,0.22978855739114804,0.019548296629330986,0.07517874730017794
overall,overall,psi0_plus_025,0.25,B3,shifted_HumanGT,127,30209,0.07529686883556017,0.090538414312693,0.24138570426248807,0.01958400090814487,0.07529686888247862
overall,overall,psi0_plus_025,0.25,StrongLocal,shifted_HumanGT,127,30214,0.07599885311136231,0.09106157911558935,0.2260883450638667,0.0195172633050022,0.07599885315829631
overall,overall,psi0_plus_025,0.25,H_star,shifted_HumanGT,127,30211,0.07405091361401464,0.0886622784989483,0.21623062918686356,0.019148847723361104,0.07405091366095416
overall,overall,psi0_plus_025,0.25,RobotSmooth,shifted_HumanGT,127,30206,0.12303305475974874,0.14937003253945447,0.2981279163118458,0.03179585972623305,0.1230330548066714
phase,transfer,psi0_minus_025,-0.25,B0,shifted_HumanGT,127,17212,0.10293232258040397,0.11533884185359643,0.4824263896111415,0.02317792880938206,0.10293232261610245
phase,transfer,psi0_minus_025,-0.25,B2,shifted_HumanGT,127,17229,0.059635277558449135,0.06830735158916852,0.1660604797951572,0.013399626299910924,0.059635277594014206
phase,transfer,psi0_minus_025,-0.25,B3,shifted_HumanGT,127,17228,0.06008243120809359,0.06856118869700617,0.16110633503392247,0.013527498008044203,0.0600824312436493
phase,transfer,psi0_minus_025,-0.25,StrongLocal,shifted_HumanGT,127,17235,0.06329719859251816,0.07279205841101818,0.18508690808892023,0.01396483808987076,0.06329719862809034
phase,transfer,psi0_minus_025,-0.25,H_star,shifted_HumanGT,127,17235,0.06046726270858789,0.06904301562985025,0.17648626556901723,0.013570336480954395,0.06046726274415804
phase,transfer,psi0_minus_025,-0.25,RobotSmooth,shifted_HumanGT,127,17203,0.0979332639945093,0.1103253647132857,0.2372878605074336,0.022061349357215144,0.09793326403013862
phase,transfer,psi0_nominal,0.0,B0,shifted_HumanGT,127,17180,0.10300438159529048,0.11540791795909007,0.22825590341761368,0.022738869021146513,0.10300438163727908
phase,transfer,psi0_nominal,0.0,B2,shifted_HumanGT,127,17171,0.05952068823627945,0.06820395376808583,0.15383381524789522,0.013134786389383262,0.05952068827833817
phase,transfer,psi0_nominal,0.0,B3,shifted_HumanGT,127,17171,0.059965563345065594,0.06845627682657186,0.14307190183121832,0.013252479188005161,0.059965563387102724
phase,transfer,psi0_nominal,0.0,StrongLocal,shifted_HumanGT,127,17172,0.06315619425136172,0.07265437216166787,0.15247644970079458,0.013671980364988318,0.06315619429341093
phase,transfer,psi0_nominal,0.0,H_star,shifted_HumanGT,127,17171,0.06031658764386785,0.06889645881956097,0.143310350848304,0.013278516777733953,0.06031658768592534
phase,transfer,psi0_nominal,0.0,RobotSmooth,shifted_HumanGT,127,17152,0.103423452990285,0.11643520952165606,0.2326828294483445,0.022807360710791025,0.10342345303248819
phase,transfer,psi0_plus_025,0.25,B0,shifted_HumanGT,127,17066,0.10319856227258999,0.11553060767927303,0.21295181480530012,0.022053195992863702,0.10319856230419241
phase,transfer,psi0_plus_025,0.25,B2,shifted_HumanGT,127,17054,0.05952614783570984,0.06816928428077419,0.13424141523755517,0.0126572240612696,0.05952614786732968
phase,transfer,psi0_plus_025,0.25,B3,shifted_HumanGT,127,17049,0.06000374330000351,0.06845363727468452,0.1358995367490941,0.012775176399965614,0.0600037433316028
phase,transfer,psi0_plus_025,0.25,StrongLocal,shifted_HumanGT,127,17054,0.06323136839260264,0.07265396491916307,0.14702010922361855,0.013190732185236434,0.06323136842422586
phase,transfer,psi0_plus_025,0.25,H_star,shifted_HumanGT,127,17051,0.06033067813890255,0.06888892669128516,0.13531221888977904,0.012805585997691363,0.06033067817052908
phase,transfer,psi0_plus_025,0.25,RobotSmooth,shifted_HumanGT,127,17042,0.10574534481592848,0.11960016483717183,0.22057405770088545,0.022380173971886533,0.1057453448475313
phase,withdrawal,psi0_minus_025,-0.25,B0,shifted_HumanGT,127,13400,0.16004056207649187,0.2025434355578668,0.5127854555169494,0.047633925175237755,0.16004056213964388
phase,withdrawal,psi0_minus_025,-0.25,B2,shifted_HumanGT,127,13449,0.09241228362187202,0.11377232481280636,0.418813306770976,0.027229554503707065,0.09241228368499387
phase,withdrawal,psi0_minus_025,-0.25,B3,shifted_HumanGT,127,13448,0.09111938255318305,0.11279513287350118,0.48999144140256484,0.026883400534133243,0.09111938261630692
phase,withdrawal,psi0_minus_025,-0.25,StrongLocal,shifted_HumanGT,127,13447,0.08942940430504223,0.10991755829230028,0.5262707734170091,0.02642348435126349,0.08942940436816495
phase,withdrawal,psi0_minus_025,-0.25,H_star,shifted_HumanGT,127,13448,0.08725306188278728,0.10740290347602086,0.4738052029563498,0.02575225495675729,0.08725306194591348
phase,withdrawal,psi0_minus_025,-0.25,RobotSmooth,shifted_HumanGT,127,13449,0.1824785805513693,0.2294974630158323,0.5091719370688422,0.053598605431967934,0.18247858061450153
phase,withdrawal,psi0_nominal,0.0,B0,shifted_HumanGT,127,13190,0.1578002689168474,0.19970293410066775,0.46133645906868637,0.04691170414056381,0.1578002689824502
phase,withdrawal,psi0_nominal,0.0,B2,shifted_HumanGT,127,13351,0.09198964820794611,0.11344558365110523,0.20794728789826858,0.027075883571902895,0.09198964827340134
phase,withdrawal,psi0_nominal,0.0,B3,shifted_HumanGT,127,13351,0.09093628603368652,0.11272704186143737,0.21305086368683906,0.026811125184523638,0.09093628609914667
phase,withdrawal,psi0_nominal,0.0,StrongLocal,shifted_HumanGT,127,13351,0.08920520278765089,0.10982218134450943,0.20838572556996074,0.026356470231380984,0.08920520285309733
phase,withdrawal,psi0_nominal,0.0,H_star,shifted_HumanGT,127,13351,0.08694750454717158,0.10720737163238393,0.2003938221379827,0.025646579195893335,0.08694750461261452
phase,withdrawal,psi0_nominal,0.0,RobotSmooth,shifted_HumanGT,127,13351,0.14853170512533911,0.18883107010742434,0.3271384629442175,0.044098562258092,0.1485317051907934
phase,withdrawal,psi0_plus_025,0.25,B0,shifted_HumanGT,127,13057,0.15577904828034264,0.19717609547241552,0.6880321195307759,0.04599382687651823,0.15577904834383893
phase,withdrawal,psi0_plus_025,0.25,B2,shifted_HumanGT,127,13161,0.09018334813148038,0.11177808091487573,0.3285202379323468,0.026369711182034256,0.09018334819368481
phase,withdrawal,psi0_plus_025,0.25,B3,shifted_HumanGT,127,13160,0.08951274084828997,0.11161330329512544,0.3490680961994093,0.02623753690671351,0.08951274091047733
phase,withdrawal,psi0_plus_025,0.25,StrongLocal,shifted_HumanGT,127,13160,0.08706193486245435,0.1077363659984719,0.30473832930220535,0.025580469162096144,0.08706193492464918
phase,withdrawal,psi0_plus_025,0.25,H_star,shifted_HumanGT,127,13160,0.08563173866963301,0.10618014006888524,0.29659464293401105,0.02511507136799193,0.08563173873183585
phase,withdrawal,psi0_plus_025,0.25,RobotSmooth,shifted_HumanGT,127,13164,0.14157741489351658,0.18085415956691514,0.37887546179983683,0.04160968041497614,0.14157741495572393
take,trial_0012,psi0_minus_025,-0.25,B0,shifted_HumanGT,15,3349,0.0819104805901025,0.0984122850173572,0.8422688377095555,0.01937496583569446,0.08191048064637751
take,trial_0012,psi0_minus_025,-0.25,B2,shifted_HumanGT,15,3351,0.0821802729439943,0.10105436460517123,0.7567227318925275,0.019458028049430753,0.08218027300015072
take,trial_0012,psi0_minus_025,-0.25,B3,shifted_HumanGT,15,3351,0.08661865469142087,0.10250689581152221,0.9125974606170598,0.020663068474758465,0.08661865474759449
take,trial_0012,psi0_minus_025,-0.25,StrongLocal,shifted_HumanGT,15,3350,0.10528173707915225,0.12337881829867046,1.0495965199237434,0.02504987936916239,0.10528173713532195
take,trial_0012,psi0_minus_025,-0.25,H_star,shifted_HumanGT,15,3351,0.10455082258406583,0.12325640488500714,0.9917743405067744,0.024447231719585613,0.10455082264023598
take,trial_0012,psi0_minus_025,-0.25,RobotSmooth,shifted_HumanGT,15,3330,0.17807496108610266,0.21693875307357874,0.5682257776301609,0.046494100923153765,0.17807496114226662
take,trial_0012,psi0_nominal,0.0,B0,shifted_HumanGT,15,3159,0.07433874961264288,0.08865549533151577,0.17661530854454996,0.016688799814696058,0.07433874966278031
take,trial_0012,psi0_nominal,0.0,B2,shifted_HumanGT,15,3281,0.08047473840238324,0.09954303976273399,0.26395601881342723,0.019022406475773777,0.08047473845288783
take,trial_0012,psi0_nominal,0.0,B3,shifted_HumanGT,15,3281,0.08533638614962356,0.10154738293939486,0.23849769057204823,0.020289734726924694,0.08533638620000543
take,trial_0012,psi0_nominal,0.0,StrongLocal,shifted_HumanGT,15,3280,0.10377606449898691,0.12227092464469047,0.2626308751936343,0.02456873667590036,0.103776064549448
take,trial_0012,psi0_nominal,0.0,H_star,shifted_HumanGT,15,3279,0.10281118461742265,0.12181294122434783,0.25730691603835293,0.023915515833269858,0.10281118466788083
take,trial_0012,psi0_nominal,0.0,RobotSmooth,shifted_HumanGT,15,3268,0.10305686235299019,0.12628457519096778,0.24214840614266678,0.025469538587475107,0.10305686240402395
take,trial_0012,psi0_plus_025,0.25,B0,shifted_HumanGT,15,3077,0.07160047345257992,0.08455404433911223,0.17614351958198374,0.015546197166837746,0.07160047349792786
take,trial_0012,psi0_plus_025,0.25,B2,shifted_HumanGT,15,3092,0.0735167659660152,0.09301793913410192,0.2238673717471744,0.016613899677263868,0.07351676600999117
take,trial_0012,psi0_plus_025,0.25,B3,shifted_HumanGT,15,3093,0.07979706915179771,0.09704929204748512,0.24065322704545974,0.01829478366154257,0.0797970691958105
take,trial_0012,psi0_plus_025,0.25,StrongLocal,shifted_HumanGT,15,3091,0.09527644667500859,0.11387999695238382,0.28292574154990446,0.021651590311998144,0.09527644671902065
take,trial_0012,psi0_plus_025,0.25,H_star,shifted_HumanGT,15,3094,0.09764120187918074,0.11768797254690745,0.26479809600784765,0.02193835316722383,0.09764120192316383
take,trial_0012,psi0_plus_025,0.25,RobotSmooth,shifted_HumanGT,15,3086,0.08450670229885505,0.1077214958172892,0.22002536779519385,0.019083686297790885,0.08450670234271643
take,trial_0013,psi0_minus_025,-0.25,B0,shifted_HumanGT,12,2664,0.10917544807980345,0.1322764833550988,0.26937538932889765,0.0284591146019928,0.10917544814330153
take,trial_0013,psi0_minus_025,-0.25,B2,shifted_HumanGT,12,2664,0.05298441124202637,0.06366168108543027,0.13078604142816488,0.013263148853247581,0.05298441130554981
take,trial_0013,psi0_minus_025,-0.25,B3,shifted_HumanGT,12,2664,0.05445601762717717,0.06441446133791236,0.16444170810801528,0.013563013260931985,0.05445601769070522
take,trial_0013,psi0_minus_025,-0.25,StrongLocal,shifted_HumanGT,12,2664,0.051616446123854375,0.061481177062615265,0.16647313089866214,0.012662453839665008,0.05161644618736353
take,trial_0013,psi0_minus_025,-0.25,H_star,shifted_HumanGT,12,2664,0.05247305265706136,0.061606700297479035,0.14876683740642607,0.013251374706355004,0.05247305272057854
take,trial_0013,psi0_minus_025,-0.25,RobotSmooth,shifted_HumanGT,12,2664,0.10847412668801876,0.13146494056512714,0.26563317609027853,0.027939638344726302,0.10847412675153893
take,trial_0013,psi0_nominal,0.0,B0,shifted_HumanGT,12,2650,0.10877965666867989,0.13191040056919506,0.23920870403792702,0.027973429978734626,0.10877965674954539
take,trial_0013,psi0_nominal,0.0,B2,shifted_HumanGT,12,2650,0.05286358464517438,0.06356697098065796,0.13395353081268535,0.012959221039174193,0.05286358472604923
take,trial_0013,psi0_nominal,0.0,B3,shifted_HumanGT,12,2650,0.05432065557200414,0.06429275356665697,0.13417785338582863,0.013248578489669828,0.05432065565286065
take,trial_0013,psi0_nominal,0.0,StrongLocal,shifted_HumanGT,12,2650,0.05139847700270495,0.061286687355194304,0.12745332648453475,0.012399981927773038,0.05139847708357818
take,trial_0013,psi0_nominal,0.0,H_star,shifted_HumanGT,12,2650,0.05221421668184884,0.06131737124177685,0.13043651698822567,0.012888212140297494,0.05221421676272231
take,trial_0013,psi0_nominal,0.0,RobotSmooth,shifted_HumanGT,12,2650,0.10571205295923075,0.13001107200374826,0.23839195715448994,0.026662328172642063,0.10571205304009161
take,trial_0013,psi0_plus_025,0.25,B0,shifted_HumanGT,12,2642,0.10853893107345663,0.13168472404557247,0.3159563516748397,0.02723994682072602,0.10853893109962359
take,trial_0013,psi0_plus_025,0.25,B2,shifted_HumanGT,12,2642,0.052792045795199305,0.06351056176197521,0.10188738807996406,0.012504211596239169,0.05279204582137351
take,trial_0013,psi0_plus_025,0.25,B3,shifted_HumanGT,12,2642,0.05424023553863,0.06421893326135088,0.10342492475259206,0.012778953006634506,0.05424023556480472
take,trial_0013,psi0_plus_025,0.25,StrongLocal,shifted_HumanGT,12,2642,0.05126701099924968,0.06116819201152764,0.09956539646856351,0.011945657332090574,0.05126701102537654
take,trial_0013,psi0_plus_025,0.25,H_star,shifted_HumanGT,12,2642,0.05205982889473962,0.06113957304587764,0.09958772857460584,0.012457042612668051,0.05205982892090894
take,trial_0013,psi0_plus_025,0.25,RobotSmooth,shifted_HumanGT,12,2642,0.10595797148684921,0.13097416823594235,0.22619336523317682,0.025716826925062237,0.10595797151301739
take,trial_0014,psi0_minus_025,-0.25,B0,shifted_HumanGT,21,4629,0.16168824281524166,0.19072374622175384,0.9729073799365392,0.04404720191890036,0.16168824284966601
take,trial_0014,psi0_minus_025,-0.25,B2,shifted_HumanGT,21,4657,0.07331919193174369,0.08534873664863007,0.3740915585518237,0.01958982798998234,0.07331919196576353
take,trial_0014,psi0_minus_025,-0.25,B3,shifted_HumanGT,21,4657,0.07293052124900143,0.08646168395717709,0.4453176610063174,0.019439916512376608,0.07293052128301841
take,trial_0014,psi0_minus_025,-0.25,StrongLocal,shifted_HumanGT,21,4656,0.07667309597519378,0.09107027986329919,0.5466411288080492,0.02042052769849977,0.07667309600921095
take,trial_0014,psi0_minus_025,-0.25,H_star,shifted_HumanGT,21,4657,0.07371482994018547,0.08747566816734234,0.44773913853905695,0.01966867177768959,0.0737148299742046
take,trial_0014,psi0_minus_025,-0.25,RobotSmooth,shifted_HumanGT,21,4657,0.17898458840169756,0.21350949368136707,0.5233922491863153,0.049773869322270355,0.17898458843573645
take,trial_0014,psi0_nominal,0.0,B0,shifted_HumanGT,21,4648,0.16237406119533868,0.19133436039274507,0.35014520801155546,0.0440706653533738,0.16237406124714684
take,trial_0014,psi0_nominal,0.0,B2,shifted_HumanGT,21,4648,0.07328534358287243,0.0853232641199522,0.16077780344243536,0.019449125238533947,0.07328534363465367
take,trial_0014,psi0_nominal,0.0,B3,shifted_HumanGT,21,4648,0.07288816399169981,0.08643078820626082,0.16258787773560682,0.019300011727645634,0.07288816404348505
take,trial_0014,psi0_nominal,0.0,StrongLocal,shifted_HumanGT,21,4648,0.07662418438646398,0.09102669572970686,0.18420703088997697,0.02029053676307284,0.07662418443824849
take,trial_0014,psi0_nominal,0.0,H_star,shifted_HumanGT,21,4648,0.07365640991140476,0.08742505896190202,0.1640467875408659,0.019530885852156926,0.07365640996319207
take,trial_0014,psi0_nominal,0.0,RobotSmooth,shifted_HumanGT,21,4648,0.1578263716873565,0.1850702595376026,0.3394391182775968,0.04263491617442043,0.15782637173916408
take,trial_0014,psi0_plus_025,0.25,B0,shifted_HumanGT,21,4589,0.1590856994053443,0.18766265605066093,0.3354541836072863,0.04262831499862065,0.15908569946737453
take,trial_0014,psi0_plus_025,0.25,B2,shifted_HumanGT,21,4645,0.0732718191968951,0.08531224190488054,0.15030604583825669,0.01917988507231166,0.07327181925659954
take,trial_0014,psi0_plus_025,0.25,B3,shifted_HumanGT,21,4645,0.07287025219843904,0.0864158953190446,0.15216899560995487,0.01903627955049906,0.07287025225811448
take,trial_0014,psi0_plus_025,0.25,StrongLocal,shifted_HumanGT,21,4645,0.07659490226969132,0.0909946849511932,0.15983578188547817,0.020030495225696138,0.07659490232939688
take,trial_0014,psi0_plus_025,0.25,H_star,shifted_HumanGT,21,4645,0.07363480679036694,0.08740566410095912,0.153865068630863,0.019271865578307575,0.07363480685007298
take,trial_0014,psi0_plus_025,0.25,RobotSmooth,shifted_HumanGT,21,4645,0.1551254966636939,0.1818793019744491,0.31552950119084006,0.041369761509803676,0.1551254967233929
take,trial_0015,psi0_minus_025,-0.25,B0,shifted_HumanGT,19,5219,0.1385981932420462,0.16672015668412152,0.32316567125997797,0.03571764035116972,0.13859819327326703
take,trial_0015,psi0_minus_025,-0.25,B2,shifted_HumanGT,19,5218,0.08085482460825667,0.09765105337840245,0.18494936371910634,0.021501872015649362,0.08085482463948264
take,trial_0015,psi0_minus_025,-0.25,B3,shifted_HumanGT,19,5218,0.08006980499433465,0.09701918763101014,0.18390540848757284,0.02121512319772417,0.08006980502549758
take,trial_0015,psi0_minus_025,-0.25,StrongLocal,shifted_HumanGT,19,5218,0.07259496290723984,0.08839160665617359,0.16908465765158223,0.019036544751841154,0.07259496293846208
take,trial_0015,psi0_minus_025,-0.25,H_star,shifted_HumanGT,19,5218,0.07914511466594028,0.09503089819626195,0.18059298940318186,0.020870219765995984,0.079145114697167
take,trial_0015,psi0_minus_025,-0.25,RobotSmooth,shifted_HumanGT,19,5210,0.13861735114809443,0.16694998228803243,0.3227372483538833,0.03570780001875313,0.13861735117952087
take,trial_0015,psi0_nominal,0.0,B0,shifted_HumanGT,19,5212,0.1384758947380079,0.166586547470163,0.29315926841892365,0.03508026807899892,0.138475894764665
take,trial_0015,psi0_nominal,0.0,B2,shifted_HumanGT,19,5211,0.08083805230007902,0.09763596629289498,0.17165779486680344,0.021155642631667745,0.08083805232673487
take,trial_0015,psi0_nominal,0.0,B3,shifted_HumanGT,19,5211,0.08009031740883714,0.09702699817438576,0.172200957336045,0.020889645138417793,0.08009031743556407
take,trial_0015,psi0_nominal,0.0,StrongLocal,shifted_HumanGT,19,5212,0.07261746512570548,0.08840624832612214,0.15767380654724805,0.018731564251791566,0.07261746515237087
take,trial_0015,psi0_nominal,0.0,H_star,shifted_HumanGT,19,5212,0.07914805459031142,0.09503404218985807,0.1679927282678314,0.020531011656237694,0.07914805461699069
take,trial_0015,psi0_nominal,0.0,RobotSmooth,shifted_HumanGT,19,5204,0.13870997694361567,0.16770838674347652,0.3005116238115502,0.03518734462516407,0.1387099769702681
take,trial_0015,psi0_plus_025,0.25,B0,shifted_HumanGT,19,5205,0.13835509458444636,0.16645795538520772,0.28734285054853914,0.034127445091692604,0.13835509460470197
take,trial_0015,psi0_plus_025,0.25,B2,shifted_HumanGT,19,5205,0.08083533587383644,0.09763594836056524,0.1621439987858448,0.020599189307181808,0.08083533589408481
take,trial_0015,psi0_plus_025,0.25,B3,shifted_HumanGT,19,5205,0.08011452764761318,0.09704136985115835,0.1616827869733697,0.02032253691889758,0.08011452766767176
take,trial_0015,psi0_plus_025,0.25,StrongLocal,shifted_HumanGT,19,5205,0.07263056760028809,0.08841447452622646,0.14867497451346465,0.018231683266052442,0.07263056762053134
take,trial_0015,psi0_plus_025,0.25,H_star,shifted_HumanGT,19,5205,0.07915368688163087,0.09503237097021534,0.15839446516750866,0.019983099114972848,0.07915368690187803
take,trial_0015,psi0_plus_025,0.25,RobotSmooth,shifted_HumanGT,19,5198,0.1435122691790648,0.17384224277021695,0.29165359076408504,0.03517473537988153,0.1435122691993182
take,trial_0017,psi0_minus_025,-0.25,B0,shifted_HumanGT,15,3744,0.09899381878442029,0.12132910743560424,0.22626712510270192,0.025991217633216546,0.09899381886851809
take,trial_0017,psi0_minus_025,-0.25,B2,shifted_HumanGT,15,3737,0.05352087134771976,0.06380880975627587,0.12712363037238808,0.012506773286334547,0.053520871431828376
take,trial_0017,psi0_minus_025,-0.25,B3,shifted_HumanGT,15,3736,0.05474037470779676,0.06651369105213961,0.13070742862297732,0.013175905158083144,0.05474037479190473
take,trial_0017,psi0_minus_025,-0.25,StrongLocal,shifted_HumanGT,15,3744,0.05330846936326923,0.06399417865745259,0.12287208150939914,0.012772755403562423,0.05330846944738405
take,trial_0017,psi0_minus_025,-0.25,H_star,shifted_HumanGT,15,3743,0.0410571642468773,0.04878048884658546,0.09890695716976629,0.00962038319043467,0.041057164330977954
take,trial_0017,psi0_minus_025,-0.25,RobotSmooth,shifted_HumanGT,15,3740,0.08314889029962934,0.1021990365791699,0.19281430844123323,0.02125228183419229,0.08314889038372852
take,trial_0017,psi0_nominal,0.0,B0,shifted_HumanGT,15,3728,0.0988147398454535,0.12119796730590567,0.22037019367929536,0.025843244234866895,0.09881473993263275
take,trial_0017,psi0_nominal,0.0,B2,shifted_HumanGT,15,3727,0.05344556802387209,0.06376241921091977,0.12305942794761174,0.012335686635204643,0.053445568111046324
take,trial_0017,psi0_nominal,0.0,B3,shifted_HumanGT,15,3727,0.05464638543810444,0.06645223579736867,0.12302999209349313,0.013014575506921758,0.05464638552527916
take,trial_0017,psi0_nominal,0.0,StrongLocal,shifted_HumanGT,15,3728,0.05328117838549444,0.06396658058285726,0.12584133749825366,0.012634589177416826,0.05328117847267318
take,trial_0017,psi0_nominal,0.0,H_star,shifted_HumanGT,15,3728,0.04098852702085663,0.048725067000514,0.09134411269474886,0.009488194236453217,0.040988527108024336
take,trial_0017,psi0_nominal,0.0,RobotSmooth,shifted_HumanGT,15,3728,0.08640189075524293,0.10607449100546558,0.19542478142180422,0.02206343495318189,0.08640189084242436
take,trial_0017,psi0_plus_025,0.25,B0,shifted_HumanGT,15,3717,0.09867797157724739,0.12109867374574046,0.43917081541263775,0.02543811806761482,0.0986779716888723
take,trial_0017,psi0_plus_025,0.25,B2,shifted_HumanGT,15,3717,0.053395200516267706,0.06373386469775073,0.11625708280481359,0.012011526275552558,0.05339520062789281
take,trial_0017,psi0_plus_025,0.25,B3,shifted_HumanGT,15,3717,0.05457935506825625,0.06641025708602792,0.121134250700098,0.012710069097675398,0.05457935517987407
take,trial_0017,psi0_plus_025,0.25,StrongLocal,shifted_HumanGT,15,3717,0.0532469807375126,0.06393673720147519,0.11595472590532978,0.012337548650928535,0.05324698084913836
take,trial_0017,psi0_plus_025,0.25,H_star,shifted_HumanGT,15,3717,0.040938022272054155,0.048683881760925765,0.09032671357764836,0.009239522584376828,0.04093802238367394
take,trial_0017,psi0_plus_025,0.25,RobotSmooth,shifted_HumanGT,15,3717,0.08352383230264554,0.10269080138589785,0.1824481277747205,0.020808969138240645,0.08352383241426768
take,trial_0019,psi0_minus_025,-0.25,B0,shifted_HumanGT,26,6440,0.09994499022335497,0.12138242981718092,0.2702883358612983,0.02996359130098579,0.09994499026292468
take,trial_0019,psi0_minus_025,-0.25,B2,shifted_HumanGT,26,6484,0.07124461808577948,0.08396083055879543,0.18700106214494144,0.021184207359256448,0.07124461812532384
take,trial_0019,psi0_minus_025,-0.25,B3,shifted_HumanGT,26,6483,0.07153935003001113,0.08289047574344581,0.1844942584528391,0.021243934403272317,0.07153935006958342
take,trial_0019,psi0_minus_025,-0.25,StrongLocal,shifted_HumanGT,26,6483,0.06578492669923977,0.07677679687224424,0.17400231251253015,0.01961171820306453,0.06578492673880613
take,trial_0019,psi0_minus_025,-0.25,H_star,shifted_HumanGT,26,6483,0.06418589795258944,0.07537105338732276,0.17096845938269917,0.019111351498861985,0.06418589799215978
take,trial_0019,psi0_minus_025,-0.25,RobotSmooth,shifted_HumanGT,26,6484,0.10166221726569404,0.12388343996073375,0.25685831572310636,0.030392977895565245,0.10166221730526526
take,trial_0019,psi0_nominal,0.0,B0,shifted_HumanGT,26,6406,0.09901322811619938,0.12032108099566415,0.3398782885921673,0.029854197419588065,0.09901322816967316
take,trial_0019,psi0_nominal,0.0,B2,shifted_HumanGT,26,6438,0.07106553481592794,0.08388139050033941,0.18406452591653666,0.021197932421099845,0.07106553486908132
take,trial_0019,psi0_nominal,0.0,B3,shifted_HumanGT,26,6438,0.07169545136080323,0.08312836907404497,0.18686124574132276,0.021358957367023132,0.07169545141394283
take,trial_0019,psi0_nominal,0.0,StrongLocal,shifted_HumanGT,26,6438,0.06591336946473157,0.07697420301383678,0.17521669573466966,0.019732817175114346,0.06591336951786071
take,trial_0019,psi0_nominal,0.0,H_star,shifted_HumanGT,26,6438,0.06427115531749149,0.0755570031535571,0.17496502126505534,0.019193924281869747,0.06427115537062435
take,trial_0019,psi0_nominal,0.0,RobotSmooth,shifted_HumanGT,26,6438,0.10195549973085077,0.12513604344461626,0.24602625248475743,0.030668643913822444,0.10195549978398268
take,trial_0019,psi0_plus_025,0.25,B0,shifted_HumanGT,26,6377,0.09836168087982407,0.11961536104564814,0.49995228269518976,0.029634574340069608,0.0983616809348567
take,trial_0019,psi0_plus_025,0.25,B2,shifted_HumanGT,26,6399,0.07048301776342764,0.08334392355024324,0.3110972159552603,0.020998963500476843,0.07048301781816638
take,trial_0019,psi0_plus_025,0.25,B3,shifted_HumanGT,26,6398,0.07128739353877071,0.08283878534039767,0.31573808445198287,0.02121540143276614,0.07128739359352367
take,trial_0019,psi0_plus_025,0.25,StrongLocal,shifted_HumanGT,26,6398,0.06545766635321505,0.07658897626611719,0.27558307326217396,0.019594265870015296,0.06545766640795977
take,trial_0019,psi0_plus_025,0.25,H_star,shifted_HumanGT,26,6398,0.06393473966359678,0.0753201833652862,0.2534984485147445,0.019061914582641278,0.06393473971834547
take,trial_0019,psi0_plus_025,0.25,RobotSmooth,shifted_HumanGT,26,6402,0.10650108249325782,0.13235746122248152,0.3868993846936047,0.03209054612035101,0.10650108254801297
take,trial_0020,psi0_minus_025,-0.25,B0,shifted_HumanGT,19,4567,0.20917160261844012,0.256432499765853,0.5015870883425123,0.05622788564227271,0.20917160267757387
take,trial_0020,psi0_minus_025,-0.25,B2,shifted_HumanGT,19,4567,0.11018395329698338,0.1335104599524708,0.29725268716419717,0.030179444094185926,0.1101839533561245
take,trial_0020,psi0_minus_025,-0.25,B3,shifted_HumanGT,19,4567,0.10418983086652307,0.12924646888804134,0.288686733725388,0.028472754774168305,0.10418983092565372
take,trial_0020,psi0_minus_025,-0.25,StrongLocal,shifted_HumanGT,19,4567,0.11071758689099806,0.1353382312353062,0.3033808168549741,0.029510972473503146,0.11071758695013678
take,trial_0020,psi0_minus_025,-0.25,H_star,shifted_HumanGT,19,4567,0.10419438679426106,0.12759368274120594,0.2871703618234652,0.028642324453955897,0.1041943868533991
take,trial_0020,psi0_minus_025,-0.25,RobotSmooth,shifted_HumanGT,19,4567,0.17993246636989624,0.21937777813388196,0.4437244983344306,0.04740502339367139,0.1799324664290294
take,trial_0020,psi0_nominal,0.0,B0,shifted_HumanGT,19,4567,0.20917160261844012,0.256432499765853,0.6726744320383478,0.05575699105973514,0.20917160266501084
take,trial_0020,psi0_nominal,0.0,B2,shifted_HumanGT,19,4567,0.11018395329698338,0.1335104599524708,0.22857938195004088,0.02996224464151449,0.11018395334355598
take,trial_0020,psi0_nominal,0.0,B3,shifted_HumanGT,19,4567,0.10418983086652307,0.12924646888804134,0.2215448793235635,0.02826457942978134,0.10418983091309114
take,trial_0020,psi0_nominal,0.0,StrongLocal,shifted_HumanGT,19,4567,0.11071758689099806,0.1353382312353062,0.23379033615832046,0.029249546576728045,0.11071758693756173
take,trial_0020,psi0_nominal,0.0,H_star,shifted_HumanGT,19,4567,0.10419438679426106,0.12759368274120594,0.21932493011311885,0.02844707693977145,0.1041943868408292
take,trial_0020,psi0_nominal,0.0,RobotSmooth,shifted_HumanGT,19,4567,0.17031454579683816,0.20719323863895017,0.3603374102020431,0.04407234634934074,0.17031454584340489
take,trial_0020,psi0_plus_025,0.25,B0,shifted_HumanGT,19,4516,0.21033430113947818,0.25727795788229346,1.0103877235707721,0.05503090030506446,0.21033430115268148
take,trial_0020,psi0_plus_025,0.25,B2,shifted_HumanGT,19,4515,0.11070414777884803,0.13389357217847894,0.44910214521395797,0.02963507942686956,0.11070414779207007
take,trial_0020,psi0_plus_025,0.25,B3,shifted_HumanGT,19,4509,0.10474997888799284,0.12965947020267454,0.5005979537929938,0.027960914662897938,0.10474997890126721
take,trial_0020,psi0_plus_025,0.25,StrongLocal,shifted_HumanGT,19,4516,0.11149609182692717,0.1358670762284855,0.4309838007101266,0.028895482783751508,0.11149609184012342
take,trial_0020,psi0_plus_025,0.25,H_star,shifted_HumanGT,19,4510,0.10465818396696079,0.12796831137614376,0.4267233725915694,0.028144903882274624,0.1046581839801844
take,trial_0020,psi0_plus_025,0.25,RobotSmooth,shifted_HumanGT,19,4516,0.162097241497836,0.19359777419734384,0.36231056861571603,0.0399812246072434,0.1620972415110349
