scope,grouping,group,strategy,source_valid_frames,attempted_frames,SUCCESS_EXACT,success_percent,continuous_frame_percent,continuity_violations,JOINT_LIMIT,NO_VALID_BRANCH,NO_FEASIBLE_PSI,INPUT_NOT_SOLVED,other_status,clean_wrapped_delta_q_rad_support_values,clean_wrapped_delta_q_rad_p95,clean_wrapped_delta_q_rad_max,clean_wrapped_delta_q_rad_rms,clean_joint_velocity_rad_s_support_values,clean_joint_velocity_rad_s_p95,clean_joint_velocity_rad_s_max,clean_joint_velocity_rad_s_rms,clean_joint_acceleration_rad_s2_support_values,clean_joint_acceleration_rad_s2_p95,clean_joint_acceleration_rad_s2_max,clean_joint_acceleration_rad_s2_rms,clean_joint_jerk_rad_s3_support_values,clean_joint_jerk_rad_s3_p95,clean_joint_jerk_rad_s3_max,clean_joint_jerk_rad_s3_rms,joint_limit_margin_rad_count,joint_limit_margin_rad_min,joint_limit_margin_rad_mean,joint_limit_margin_rad_p95,joint_limit_margin_rad_max,total_wrapped_joint_travel_rad,continuous_segments,longest_continuous_segment_frames,clean_branch_changes,clean_search_branch_changes,search_attempted_frames,local_selected_frames,local_candidate_selected_percent,global_recovery_frames,global_recovery_percent,no_feasible_psi_frames,average_candidates_evaluated_among_search_attempts,chosen_abs_delta_psi_rad_count,chosen_abs_delta_psi_rad_min,chosen_abs_delta_psi_rad_mean,chosen_abs_delta_psi_rad_p95,chosen_abs_delta_psi_rad_max,total_psi_travel_rad,candidate_SUCCESS_EXACT,candidate_JOINT_LIMIT,candidate_NO_VALID_BRANCH,candidate_other_status
clean_motion,overall,overall,B0,32216,32216,30931,96.01129873354854,99.89977692282822,31,318,967,0,0,0,214249,0.019578727955855028,0.4671074736751791,0.010265722887431168,214249,1.9578727955855009,46.71074736751787,1.0265722887431168,212135,53.041362277224394,4896.891566947038,41.656167434148124,210042,7562.278256799185,955412.8382940255,5922.296749814695,30931,1.0969169156105352e-05,0.6069347531907668,0.9126321153121543,1.0929380256907408,1308.6182439013555,324,332,30596,7,,,,,,,,,,,,,,,,,
clean_motion,overall,overall,B1,32216,32216,31005,96.2409982617333,99.89679084018707,32,273,938,0,0,0,214739,0.019528262191992007,0.39988451027107974,0.010369606492785998,214739,1.952826219199199,39.98845102710794,1.0369606492785997,212632,53.732249090014264,3372.8474058247652,40.09663014867569,210532,7681.812791954152,632926.1219544893,5135.043389729286,31005,0.00018105748675534272,0.6271834773429419,0.9334274451276225,1.1160904325020313,1334.823649376412,328,332,30668,4,,,,,,,,,,,,,,,,,
clean_motion,overall,overall,B2,32216,32216,31173,96.76247827166625,99.91980239309659,25,41,1002,0,0,0,215999,0.018857621410493134,0.46594226984152387,0.010185535381792694,215999,1.8857621410493117,46.59422698415234,1.0185535381792694,213955,53.40872189895135,3614.3141910436616,40.50475266370949,211932,7619.5159698434145,449763.9714663388,5169.904670911141,31173,0.0005470195868380046,0.5989492074379594,0.8829078561501075,1.046267990964198,1263.0282857847117,316,332,30846,4,,,,,,,,,,,,,,,,,
clean_motion,overall,overall,B3,32216,32216,31174,96.76558231934442,99.9101815615577,28,41,1001,0,0,0,215985,0.019657700529263418,0.4576930690170524,0.010452974062859631,215985,1.96577005292634,45.7693069017052,1.0452974062859632,213906,71.69492888868355,3204.9310038364383,46.80681474778427,211869,11023.997693000365,392019.491224071,6636.537486365902,31174,0.0012046332676467486,0.5960521955037457,0.8792123041865021,1.0443771465693326,1317.5522628573344,319,332,30846,8,,,,,,,,,,,,,,,,,
clean_motion,overall,overall,StrongLocal,32216,32216,31178,96.77799851005712,99.90377830521521,30,42,996,0,0,0,215992,0.019520232211576123,0.4458482544967448,0.010373145771146442,215992,1.9520232211576105,44.58482544967444,1.037314577114644,213920,74.3980918469293,3439.729514346264,47.96571791214218,211876,11665.857407980173,560959.3837535364,7101.870431287055,31178,0.0010663462958309111,0.6031030412260064,0.8858420540618488,1.0441464773029638,1312.4393533577127,322,332,30843,7,,,,,,,,,,,,,,,,,
clean_motion,overall,overall,H_star,32216,32216,31173,96.76247827166625,99.91980239309659,25,43,1000,0,0,0,215992,0.019773267728449954,0.4187264326654181,0.010476845968763958,215992,1.977326772845,41.8726432665427,1.047684596876396,213934,93.05446157062629,3253.4495055690963,55.05715587623821,211897,15267.516177908225,456584.0002910668,8462.515878524495,31173,0.0004203168319323325,0.6004128958540008,0.8878540201237891,1.0392683075140834,1341.6204595170796,317,332,30847,7,,,,,,,,,,,,,,,,,
clean_motion,overall,overall,HumanGT,32216,32216,31058,96.40551278867645,99.93560435314572,20,154,1004,0,0,0,215208,0.019029198526982188,0.4344009341297679,0.010225226148425437,215208,1.902919852698217,43.44009341297675,1.0225226148425437,213157,58.38036007246557,3273.9072220033477,42.565203410769826,211127,8649.107374272773,343410.15964745474,5410.475094463623,31058,0.001107492407420807,0.6107419941677852,0.8955080144085474,1.074710124975569,1267.4333609874684,314,332,30726,2,,,,,,,,,,,,,,,,,
clean_motion,overall,overall,RobotSmooth,32216,30753,30729,95.38428110255774,99.990237235185,3,0,5,19,1463,0,213101,0.01895478372401183,0.41716152616526303,0.009900972847750713,213101,1.8954783724011812,41.716152616526266,0.9900972847750709,211183,55.5223573639315,4979.384596945601,63.30353728655599,209265,8265.60618069571,944692.4393732321,10369.970393028125,30729,1.0969169156105352e-05,0.6097747451270565,0.9129994133256852,1.0929380256907408,1276.508643415076,286,332,9,2,30465.0,30446.0,99.93763334974561,0.0,0.0,19.0,9.019957328081405,30446.0,0.0,0.0007291598239505983,0.0,0.3999999999999999,22.200000000000117,272549.0,939.0,1305.0,0.0
clean_motion,phase,transfer,B0,18107,18107,17217,95.08477384436958,99.94772608468374,9,0,890,0,0,0,119490,0.011635013750886283,0.4671074736751791,0.007660142976805698,119490,1.1635013750886274,46.71074736751787,0.7660142976805697,118503,41.84604255712122,4896.891566947038,45.51113540932597,117516,6686.925563367712,955412.8382940255,6586.798783271242,17217,0.012142539252518958,0.6472076403207825,0.929620318610418,1.0929380256907408,519.1791799634963,147,332,17065,3,,,,,,,,,,,,,,,,,
clean_motion,phase,transfer,B1,18107,18107,17246,95.24493289887889,99.93621709381885,11,0,861,0,0,0,119658,0.01217408351137603,0.39988451027107974,0.007758134412913623,119658,1.217408351137603,39.98845102710794,0.7758134412913618,118643,42.21793150540643,3372.8474058247652,42.0010074993209,117635,6757.114815364435,632926.1219544893,5216.79508962464,17246,0.05196911236276058,0.6669427434512825,0.9509406926586381,1.1160904325020313,544.6016003809905,152,332,17088,3,,,,,,,,,,,,,,,,,
clean_motion,phase,transfer,B2,18107,18107,17182,94.89147843375491,99.90687929228262,16,0,925,0,0,0,119196,0.01075226589373135,0.46594226984152387,0.008031284275255592,119196,1.075226589373134,46.59422698415234,0.8031284275255596,118195,40.88057324579211,3614.3141910436616,42.94275929281943,117201,6519.989182834678,449763.9714663388,5248.512252660385,17182,0.0011552091871527281,0.6088455213297447,0.8827469266259205,1.046267990964198,491.3589283004005,154,332,17021,3,,,,,,,,,,,,,,,,,
clean_motion,phase,transfer,B3,18107,18107,17183,94.89700115977246,99.91270441715649,15,0,924,0,0,0,119210,0.011202199300805571,0.4576930690170524,0.008127422119606204,119210,1.1202199300805562,45.7693069017052,0.8127422119606209,118202,58.16909416311278,3204.9310038364383,46.328326893084345,117215,9804.207980614578,392019.491224071,6274.451403106762,17183,0.0012046332676467486,0.6042144212507593,0.8738382888631846,1.0443771465693326,511.8121093902935,153,332,17025,4,,,,,,,,,,,,,,,,,
clean_motion,phase,transfer,StrongLocal,18107,18107,17188,94.92461478986027,99.89527577379567,18,0,919,0,0,0,119217,0.01119002636564348,0.4458482544967448,0.007974495465823033,119217,1.119002636564347,44.58482544967444,0.7974495465823032,118202,59.70736731965371,3439.729514346264,48.192641642862995,117201,10130.023417237206,560959.3837535364,6972.771865437322,17188,0.0010663462958309111,0.6098741493352793,0.8732416734329961,1.041864918860412,511.84807891932144,157,332,17023,5,,,,,,,,,,,,,,,,,
clean_motion,phase,transfer,H_star,18107,18107,17184,94.90252388579002,99.9185288640596,14,0,923,0,0,0,119217,0.011567723929109696,0.4187264326654181,0.008095374621280144,119217,1.1567723929109683,41.8726432665427,0.8095374621280148,118209,78.82211743653991,3253.4495055690963,55.90299209980019,117201,13633.996299827088,456584.0002910668,8532.151589384745,17184,0.0012467220398724166,0.6066198079313668,0.8785051079160215,1.0392683075140834,527.2056576790125,153,332,17025,4,,,,,,,,,,,,,,,,,
clean_motion,phase,transfer,HumanGT,18107,18107,17180,94.88043298171978,99.92433061699651,13,0,927,0,0,0,119196,0.010801913797209295,0.4344009341297679,0.00800446329340528,119196,1.0801913797209286,43.44009341297675,0.8004463293405278,118195,47.03280636040165,3273.9072220033477,44.64329228028395,117208,7744.791177986176,343410.15964745474,5327.882927975413,17180,0.011161271262137618,0.6043610199208767,0.8681334464680714,1.062241049116233,491.35035322002,152,332,17019,2,,,,,,,,,,,,,,,,,
clean_motion,phase,transfer,RobotSmooth,18107,17292,17273,95.39404650135307,99.98263185318126,3,0,0,19,815,0,119945,0.011753607996112511,0.41716152616526303,0.007719487579201123,119945,1.17536079961125,41.716152616526266,0.7719487579201114,119000,42.96176628758944,4979.384596945601,73.6520013166837,118055,6945.689335986563,944692.4393732321,12302.548932194308,17273,0.056434705275618224,0.646682221750948,0.929431723683637,1.0929380256907408,527.7754370581639,138,332,7,0,17157.0,17138.0,99.88925802879291,0.0,0.0,19.0,9.035437430786269,17138.0,0.0,0.00040844906056715943,0.0,0.3999999999999999,6.999999999999978,153511.0,207.0,1303.0,0.0
clean_motion,phase,withdrawal,B0,14109,14109,13714,97.20036855907577,99.83957999124982,22,318,77,0,0,0,94759,0.027843266037440098,0.32157701013255213,0.01281726958849448,94759,2.7843266037440073,32.15770101325523,1.281726958849448,93632,65.5058780458458,2228.338976270923,36.19325779384542,92526,8634.78462060938,296825.28834736766,4951.3873032631145,13714,1.0969169156105352e-05,0.5563748656512102,0.8881390520014569,1.032735259595102,789.4390639378603,177,227,13531,4,,,,,,,,,,,,,,,,,
clean_motion,phase,withdrawal,B1,14109,14109,13759,97.51931391310511,99.84737262882477,21,273,77,0,0,0,95081,0.027877588098295547,0.3168115121446373,0.012926930220043466,95081,2.787758809829552,31.681151214463746,1.2926930220043467,93989,67.02507920034846,2181.253804490551,37.555085743252235,92897,8810.901026573694,286838.6208092748,5029.615297888407,13759,0.00018105748675534272,0.5773478567815318,0.9078704145842825,1.0343154993347756,790.2220489954213,176,227,13580,1,,,,,,,,,,,,,,,,,
clean_motion,phase,withdrawal,B2,14109,14109,13991,99.16365440498971,99.93567293259953,9,41,77,0,0,0,96803,0.02623368917445554,0.32270865708215624,0.012331536005257153,96803,2.623368917445552,32.27086570821564,1.2331536005257153,95760,66.98509737169404,2239.2897581184993,37.27633875766562,94731,8911.916990283393,293630.4598764618,5070.965445406246,13991,0.0005470195868380046,0.5867957898631859,0.8830914460139823,1.0337573887535836,771.6693574843113,162,227,13825,1,,,,,,,,,,,,,,,,,
clean_motion,phase,withdrawal,B3,14109,14109,13991,99.16365440498971,99.90708312486599,13,41,77,0,0,0,96775,0.027169566660849576,0.3252013934305831,0.012747214872516673,96775,2.7169566660849553,32.520139343058325,1.274721487251667,95704,85.11371234989356,2283.2605544497137,47.39111740869361,94654,12492.226917460574,278926.7836453651,7059.23437173789,13991,0.002431292832334897,0.5860277851677486,0.8825817096495925,1.0410250452552443,805.7401534670416,166,227,13821,4,,,,,,,,,,,,,,,,,
clean_motion,phase,withdrawal,StrongLocal,14109,14109,13990,99.15656673045574,99.91422444603288,12,42,77,0,0,0,96775,0.027039853499099046,0.3164210560880632,0.012720750498213175,96775,2.7039853499099027,31.642105608806336,1.2720750498213176,95718,88.83381810074289,2200.918545203524,47.68399998999289,94675,13474.593869370143,286278.64670863014,7258.505491532556,13990,0.0018121849195633644,0.5947841129785311,0.894181709415808,1.0441464773029638,800.5912744383913,165,227,13820,2,,,,,,,,,,,,,,,,,
clean_motion,phase,withdrawal,H_star,14109,14109,13989,99.14947905592174,99.92136678819072,11,43,77,0,0,0,96775,0.02706612018932872,0.3151972817743891,0.012816013839613644,96775,2.7066120189328697,31.519728177438925,1.2816013839613645,95725,106.00975763356129,2509.719594130697,53.99436764041604,94696,16915.48649333613,221407.13614727446,8375.52920983041,13989,0.0004203168319323325,0.592788363926239,0.8956119283050646,1.0386686723644996,814.4148018380664,164,227,13822,3,,,,,,,,,,,,,,,,,
clean_motion,phase,withdrawal,HumanGT,14109,14109,13878,98.36274718264937,99.94956045539703,7,154,77,0,0,0,96012,0.026533084794318727,0.35426643485416953,0.012442455017066237,96012,2.65330847943187,35.426643485416925,1.2442455017066236,94962,70.61597468232326,2204.2518504547907,39.82751947163469,93919,9733.389712588298,333957.0443768613,5511.811839807822,13878,0.001107492407420807,0.6186411970472983,0.9171644181918985,1.074710124975569,776.0830077674483,162,227,13707,0,,,,,,,,,,,,,,,,,
clean_motion,phase,withdrawal,RobotSmooth,14109,13461,13456,95.37174852930754,100.0,0,0,5,0,648,0,93156,0.026608659254538647,0.12040181912790081,0.01214586060857658,93156,2.6608659254538845,12.04018191279007,1.214586060857658,92183,70.7464984225443,1380.034183693286,46.66644330287709,91210,10213.41391485042,230184.45145253325,7129.079653781124,13456,1.0969169156105352e-05,0.5623978988336206,0.8877879925056935,1.032735259595102,748.7332063569113,148,227,2,2,13308.0,13308.0,100.0,0.0,0.0,0.0,9.0,13308.0,0.0,0.0011421701232341402,0.0,0.10000000000000009,15.200000000000035,119038.0,732.0,2.0,0.0
clean_motion,take,trial_0012,B0,4327,4327,3542,81.8581003004391,99.80237154150197,7,238,547,0,0,0,24514,0.02594043190120291,0.4671074736751791,0.015205455243909186,24514,2.594043190120289,46.71074736751787,1.5205455243909185,24269,74.01761072730459,4896.891566947038,92.6401616203949,24031,11829.49527128049,955412.8382940255,13938.539109554024,3542,0.000873382880274054,0.49396258328083487,0.8033271775276443,0.963097103140937,211.5210542775177,40,188,3494,1,,,,,,,,,,,,,,,,,
clean_motion,take,trial_0012,B1,4327,4327,3581,82.7594176103536,99.88829935772131,4,203,543,0,0,0,24801,0.02601541786984152,0.39253760724652986,0.015074664595485345,24801,2.601541786984179,39.25376072465295,1.5074664595485343,24563,74.61961339153055,3372.8474058247652,77.74319522699757,24325,11959.31912110498,632926.1219544893,10565.830285069022,3581,0.00027122436257087656,0.5084246667479693,0.8199055384687253,0.9785946738445528,216.3910571985143,38,188,3539,0,,,,,,,,,,,,,,,,,
clean_motion,take,trial_0012,B2,4327,4327,3765,87.01178645712965,99.60159362549801,15,0,562,0,0,0,26026,0.025671787863387415,0.44550499380277464,0.0156529646192209,26026,2.567178786338739,44.55049938027842,1.5652964619220917,25767,76.07080538021577,3614.3141910436616,82.15578471414423,25515,11880.142566784645,449763.9714663388,10583.4471371407,3765,0.0011552091871527281,0.4796570036819011,0.8149685812892394,0.9772222299362476,218.50058712859038,47,175,3713,3,,,,,,,,,,,,,,,,,
clean_motion,take,trial_0012,B3,4327,4327,3766,87.03489715738387,99.52203929899098,18,0,561,0,0,0,26012,0.02637732411844444,0.4576930690170524,0.01576337995318154,26012,2.6377324118444485,45.7693069017052,1.576337995318155,25718,94.53670792483709,3204.9310038364383,84.82111710101776,25438,15761.961171400846,392019.491224071,11463.073793202377,3766,0.0012046332676467486,0.4760761243980124,0.8121357564664358,1.0035892263842525,224.67520976592098,50,175,3710,7,,,,,,,,,,,,,,,,,
clean_motion,take,trial_0012,StrongLocal,4327,4327,3764,86.98867575687544,99.52178533475026,18,0,563,0,0,0,25991,0.026896608106515618,0.36886824539966184,0.015208291264389643,25991,2.6896608106515596,36.88682453996615,1.520829126438964,25718,126.89584130496068,3439.729514346264,92.7535168611033,25452,22163.4533466565,560959.3837535364,14508.890059340187,3764,0.0010663462958309111,0.48211958433961805,0.8289507114936856,1.0202588005809456,228.80423648142843,51,175,3707,5,,,,,,,,,,,,,,,,,
clean_motion,take,trial_0012,H_star,4327,4327,3763,86.96556505662122,99.62795641775179,14,0,564,0,0,0,26012,0.026972575793771703,0.4187264326654181,0.015838715683438608,26012,2.6972575793771685,41.8726432665427,1.5838715683438622,25739,158.72565425150458,3253.4495055690963,103.63214876877244,25480,27908.515164425877,456584.0002910668,16318.162189773622,3763,0.0012467220398724166,0.475324624607211,0.8290909407585138,1.0020660009942208,236.73672930721352,47,175,3712,6,,,,,,,,,,,,,,,,,
clean_motion,take,trial_0012,HumanGT,4327,4327,3670,84.81626993297897,99.75476839237058,9,101,556,0,0,0,25382,0.025865110152201096,0.4344009341297679,0.015882854319112093,25382,2.5865110152201343,43.44009341297675,1.5882854319112096,25116,82.61024562132548,3273.9072220033477,85.80984927780807,24864,13358.23914241948,343410.15964745474,10890.467156189536,3670,0.001107492407420807,0.48673373809417625,0.8282587528450669,0.9863954233869379,217.73608860875518,44,188,3615,1,,,,,,,,,,,,,,,,,
clean_motion,take,trial_0012,RobotSmooth,4327,3348,3334,77.05107464756182,99.97000599880025,1,0,4,10,979,0,23142,0.021995206840039323,0.20745534933957321,0.011693076919960814,23142,2.1995206840039305,20.745534933957302,1.1693076919960814,22953,73.77754943392647,2722.98553499223,77.21053846336483,22764,12241.273148709255,481720.5854029254,11939.215321657259,3334,0.027974469641785404,0.4971351501522025,0.8008747172225545,0.963097103140937,174.70797391976794,28,188,4,2,3317.0,3307.0,99.6985227615315,0.0,0.0,10.0,9.096472716309918,3307.0,0.0,0.001542183247656481,0.0,0.3999999999999999,5.099999999999983,29513.0,154.0,506.0,0.0
clean_motion,take,trial_0013,B0,2756,2756,2660,96.5166908563135,99.92481203007519,2,0,96,0,0,0,18396,0.019405866273039973,0.2582754659009281,0.010540224469430717,18396,1.9405866273039956,25.827546590092787,1.0540224469430715,18179,61.114792907623766,1329.325985368548,40.606235255488215,17962,9540.500307102793,110472.45021329272,5362.614731357339,2660,0.15177088734611832,0.5551447593978571,0.8422650418049769,0.9864568561261335,115.16116181914846,32,198,2627,1,,,,,,,,,,,,,,,,,
clean_motion,take,trial_0013,B1,2756,2756,2665,96.69811320754717,99.8874296435272,3,0,91,0,0,0,18424,0.019301394839139747,0.39988451027107974,0.01103645661628527,18424,1.930139483913973,39.98845102710794,1.1036456616285266,18207,61.989662619045525,2308.4654123988907,49.250558696762816,17990,9646.924008797554,197142.47382048622,5932.12719952783,2665,0.17665535260958176,0.5769717044368776,0.8608390024223584,0.9887365720027859,115.9862755091277,33,198,2630,2,,,,,,,,,,,,,,,,,
clean_motion,take,trial_0013,B2,2756,2756,2653,96.26269956458636,99.8869204673954,3,0,103,0,0,0,18340,0.018527566735229546,0.46594226984152387,0.01086605325327564,18340,1.8527566735229535,46.59422698415234,1.086605325327564,18123,59.899212786234,3026.4704836746446,47.50677123071198,17913,9463.558775667014,228150.73342046601,5709.693212915704,2653,0.24938077273583126,0.5638017511286202,0.8247473774857459,0.9934798726200338,109.58121299848848,33,198,2618,0,,,,,,,,,,,,,,,,,
clean_motion,take,trial_0013,B3,2756,2756,2653,96.26269956458636,99.8869204673954,3,0,103,0,0,0,18340,0.019110243064484094,0.3940673612174965,0.010742378951805489,18340,1.911024306448413,39.40673612174962,1.0742378951805487,18123,81.9429188787099,2264.184067893161,52.388756433098784,17913,13808.50567220127,153910.69446312636,7545.020997431986,2653,0.24809372040440714,0.5612920517381672,0.8231454064752591,0.9985837701933953,115.00258269673544,33,198,2619,0,,,,,,,,,,,,,,,,,
clean_motion,take,trial_0013,StrongLocal,2756,2756,2656,96.37155297532655,99.88704819277109,3,0,100,0,0,0,18361,0.018913976399683285,0.3418637237159037,0.010877201957430534,18361,1.8913976399683285,34.18637237159034,1.0877201957430533,18137,76.81679953727982,1925.5125511671442,49.744561319625966,17920,12641.854977233033,146557.51813313883,7002.456336039416,2656,0.2493976534881135,0.5675448211886208,0.8281456660828144,0.998269865221344,114.56100653615366,33,198,2621,0,,,,,,,,,,,,,,,,,
clean_motion,take,trial_0013,H_star,2756,2756,2655,96.33526850507982,99.92467043314501,2,0,101,0,0,0,18361,0.0190756750157437,0.36254708318970374,0.011217332530424194,18361,1.9075675015743787,36.254708318970344,1.1217332530424193,18144,92.79527467873548,2253.0680413664045,60.687563195521854,17927,15886.39914856723,226541.4366950896,8852.494155666212,2655,0.2467476091443217,0.5669683427896767,0.8303634149785359,0.9966044632953137,117.14969072075239,32,198,2622,0,,,,,,,,,,,,,,,,,
clean_motion,take,trial_0013,HumanGT,2756,2756,2650,96.15384615384616,99.88679245283019,3,0,106,0,0,0,18319,0.018889124617194577,0.19375443179533525,0.009985024346013805,18319,1.888912461719456,19.375443179533722,0.9985024346013807,18102,68.72105171390018,884.0231870602528,39.25616738801889,17892,11318.216262387043,88298.69523246247,5795.994505208661,2650,0.24563988908987167,0.5834601316643617,0.8706172307971342,0.9964246308605964,112.16279667879857,33,198,2615,0,,,,,,,,,,,,,,,,,
clean_motion,take,trial_0013,RobotSmooth,2756,2705,2703,98.07692307692307,99.96300406955235,1,0,0,2,51,0,18711,0.019845276861900185,0.26094721589922654,0.010969408811291345,18711,1.984527686190017,26.09472158992263,1.0969408811291343,18508,65.60626479301165,2940.351121637165,79.72364648789278,18305,10621.199809900498,465002.8318757747,13164.700616125976,2703,0.1517708873410042,0.5594505959807203,0.8410933636805008,0.9864568561261335,119.40327160535175,30,198,1,0,2676.0,2674.0,99.9252615844544,0.0,0.0,2.0,9.023916292974588,2674.0,0.0,0.000710545998504111,0.0,0.19999999999999954,1.899999999999993,23910.0,35.0,203.0,0.0
clean_motion,take,trial_0014,B0,4670,4670,4653,99.63597430406853,99.97850848914679,1,0,17,0,0,0,32270,0.021142796418717445,0.21102176054627164,0.010114564942279832,32270,2.1142796418717427,21.102176054627144,1.0114564942279831,31969,43.852529154209094,1091.890824143107,25.774884536838698,31668,5928.901393841561,207911.03618397604,3489.336921114743,4653,0.003313265152586453,0.7095585573099012,0.9860133872136297,1.0929380256907408,208.7275618760853,43,205,4609,0,,,,,,,,,,,,,,,,,
clean_motion,take,trial_0014,B1,4670,4670,4658,99.74304068522484,99.93559467582654,3,0,12,0,0,0,32284,0.021268386024757866,0.13037968047316892,0.010194954621871736,32284,2.1268386024757864,13.03796804731688,1.0194954621871737,31976,44.483174946535684,1050.3061366088034,25.281557257246508,31668,6068.954060118356,127457.56079430682,3647.835436883545,4658,0.03999418724753312,0.728812583442643,1.0074587996443582,1.1160904325020313,216.00091277524712,46,205,4612,0,,,,,,,,,,,,,,,,,
clean_motion,take,trial_0014,B2,4670,4670,4649,99.55032119914347,99.978489997849,1,0,21,0,0,0,32242,0.02031479278689424,0.2519416308830438,0.00988318463878039,32242,2.0314792786894227,25.194163088304354,0.9883184638780389,31948,44.31251566539554,1325.7328382696796,24.88900572010264,31654,6011.097158769777,85616.85535751782,3178.207942398879,4649,0.12406949501959552,0.7107433419466163,0.9476984158211239,1.046267990964198,199.17257649827673,43,205,4606,0,,,,,,,,,,,,,,,,,
clean_motion,take,trial_0014,B3,4670,4670,4649,99.55032119914347,99.978489997849,1,0,21,0,0,0,32242,0.021032001904174386,0.22801707004584482,0.01017194173159392,32242,2.103200190417443,22.80170700458446,1.0171941731593919,31948,63.748314515769685,1177.0009702313546,33.1560261820519,31654,9625.841624535095,87818.41399043877,4875.5095501452415,4649,0.10565474222014881,0.7057359831211999,0.9370968651406713,1.0443771465693326,208.09924924352575,43,205,4606,0,,,,,,,,,,,,,,,,,
clean_motion,take,trial_0014,StrongLocal,4670,4670,4650,99.57173447537473,99.95698924731182,2,0,20,0,0,0,32242,0.02118708112282233,0.16135825103064017,0.010146551316722758,32242,2.1187081122822424,16.135825103064,1.0146551316722756,31934,71.24501118261729,708.7466430168186,36.054400967690846,31640,11217.531696939846,109165.38194733216,5721.232003267581,4650,0.10909871553798745,0.7089175701029451,0.9388624079148163,1.0441464773029638,208.5352973655725,44,205,4605,0,,,,,,,,,,,,,,,,,
clean_motion,take,trial_0014,H_star,4670,4670,4649,99.55032119914347,99.978489997849,1,0,21,0,0,0,32242,0.0214460803463721,0.1940496399361724,0.010260520650326618,32242,2.144608034637208,19.404963993617223,1.0260520650326619,31948,88.64576526649009,897.7659052758966,44.64939556953561,31654,14335.586286575874,139969.97817274134,7283.690979994017,4649,0.09159705780223959,0.7080702075348185,0.9414901707520797,1.0392683075140834,212.16316342790694,43,205,4606,0,,,,,,,,,,,,,,,,,
clean_motion,take,trial_0014,HumanGT,4670,4670,4648,99.5289079229122,99.97848537005163,1,0,22,0,0,0,32235,0.020252322013979463,0.1802226580821471,0.009652068451737909,32235,2.0252322013979445,18.022265808214694,0.9652068451737909,31941,46.72735535492293,821.7105624653861,24.839619744315424,31647,6493.221696783537,64183.980733415425,3473.9652467599217,4648,0.17863256172805553,0.6944785295223055,0.9341863170738561,1.074710124975569,193.3765625572686,43,205,4605,0,,,,,,,,,,,,,,,,,
clean_motion,take,trial_0014,RobotSmooth,4670,4664,4663,99.85010706638116,100.0,0,0,0,1,6,0,32347,0.02124316764902428,0.23570854091594562,0.01052784795774915,32347,2.124316764902426,23.57085409159454,1.052784795774915,32053,44.89314787286514,4099.953931565198,63.57499244722447,31759,6229.111518345733,806389.5258142449,11096.815948823885,4663,0.003313265152586453,0.7106919457942069,0.9859786326115094,1.0929380256907408,210.97394857985557,42,205,2,0,4622.0,4621.0,99.97836434443964,0.0,0.0,1.0,9.006923409779317,4621.0,0.0,0.0003137848950443618,0.0,0.3999999999999999,1.449999999999996,41300.0,133.0,197.0,0.0
clean_motion,take,trial_0015,B0,5559,5559,5360,96.42021946393237,99.94402985074628,3,0,199,0,0,0,37226,0.011697539473783714,0.32175352984792216,0.007199777746071599,37226,1.1697539473783718,32.175352984792184,0.7199777746071596,36946,44.08377123458477,1886.4124844661565,29.147901109003147,36666,6932.936084703728,144165.09216454235,3763.323859467126,5360,0.13166417430762856,0.7280080076033942,0.9689757277786444,1.0540144124488857,167.74843970752391,42,227,5317,1,,,,,,,,,,,,,,,,,
clean_motion,take,trial_0015,B1,5559,5559,5363,96.4741860046771,99.94406115979862,3,0,196,0,0,0,37247,0.011833237957945816,0.26159433588949743,0.007235857490465856,37247,1.1833237957945826,26.15943358894972,0.7235857490465856,36967,44.91775321294044,1344.4787729181937,29.62981160262678,36687,7067.979491190692,96689.11526250832,3806.38430373658,5363,0.13205822233188336,0.7606760212760416,0.9953274639179881,1.0902551725719882,169.72259045650765,42,227,5319,1,,,,,,,,,,,,,,,,,
clean_motion,take,trial_0015,B2,5559,5559,5357,96.36625292318762,99.96266567108457,2,0,202,0,0,0,37212,0.010909502523589593,0.27449316744138486,0.007247554572905885,37212,1.0909502523589585,27.44931674413846,0.7247554572905883,36932,43.40834093553834,1536.0528811323502,30.98964935606102,36652,6826.345412285942,131171.44165658514,3711.276668176015,5357,0.13141709806800161,0.7126418680991483,0.9149939088270816,1.0055703367680628,156.7144684331401,41,227,5314,1,,,,,,,,,,,,,,,,,
clean_motion,take,trial_0015,B3,5559,5559,5357,96.36625292318762,99.96266567108457,2,0,202,0,0,0,37212,0.011088837146580134,0.3277022186315195,0.007353905885172881,37212,1.1088837146580153,32.77022186315192,0.735390588517288,36932,54.657026436332195,1746.2298102315244,34.19462789340284,36659,8894.862697397715,107672.28386135034,4622.65080754884,5357,0.13023893297808975,0.7100242583815269,0.9106795047345094,0.9993244064915867,160.037258235639,41,227,5315,1,,,,,,,,,,,,,,,,,
clean_motion,take,trial_0015,StrongLocal,5559,5559,5358,96.38424177010253,99.94400895856663,3,0,201,0,0,0,37212,0.011069617741669873,0.36696977964664956,0.0074114630265547255,37212,1.1069617741669897,36.696977964664924,0.7411463026554723,36932,50.94225000762521,2086.240684964441,35.12950467973127,36652,8260.764617520721,133695.3101010473,4430.967369619522,5358,0.13013622024998384,0.719889903427108,0.9198525586593823,0.996415403462807,159.02538523982042,42,227,5314,1,,,,,,,,,,,,,,,,,
clean_motion,take,trial_0015,H_star,5559,5559,5358,96.38424177010253,99.94400895856663,3,0,201,0,0,0,37212,0.011875386652161698,0.28850553276150936,0.007641775786549484,37212,1.1875386652161688,28.85055327615091,0.7641775786549482,36932,79.86124494361606,1486.9002124662845,46.19941037633143,36652,13601.404139653478,134526.76861312473,7004.302517725939,5358,0.13220659403227053,0.7227994619419563,0.9219218517747519,1.0233573177521365,170.17147845236016,42,227,5314,1,,,,,,,,,,,,,,,,,
clean_motion,take,trial_0015,HumanGT,5559,5559,5357,96.36625292318762,99.94399850662684,3,0,202,0,0,0,37205,0.011059077157065998,0.35426643485416953,0.007636885924342685,37205,1.1059077157066013,35.426643485416925,0.7636885924342683,36925,45.686061467820835,2101.4623288650737,36.014661690054055,36645,7234.278182433833,179711.5176125299,4056.9683436690943,5357,0.13247667189677514,0.7510731913614938,0.9356715370838837,1.003699842311021,155.91292277500347,42,227,5312,1,,,,,,,,,,,,,,,,,
clean_motion,take,trial_0015,RobotSmooth,5559,5219,5215,93.81183666127001,99.98082454458293,1,0,1,3,340,0,36239,0.01152419106324185,0.17531267265222716,0.006341286666642513,36239,1.152419106324184,17.531267265222702,0.6341286666642513,35980,44.263777898373434,1760.5340803990755,34.513995939127014,35721,7035.462736498113,209509.7970326015,5056.956884514845,5215,0.13166417430763921,0.7272879486834907,0.9704842879169447,1.0540144124486392,160.000071495681,38,227,0,0,5181.0,5178.0,99.94209612044007,0.0,0.0,3.0,9.018529241459177,5178.0,0.0,0.00024140594824256388,0.0,0.19999999999999954,1.2499999999999958,46552.0,9.0,164.0,0.0
clean_motion,take,trial_0017,B0,3846,3846,3738,97.19188767550702,99.97324772605671,1,0,108,0,0,0,25774,0.016780408559869814,0.21292721865661735,0.008719777364537586,25774,1.67804085598698,21.292721865661715,0.8719777364537586,25452,47.664467655827394,1193.1069756066727,30.63322711946315,25130,5960.444825532443,159836.8624723372,3860.0476736705486,3738,0.09803285262793882,0.5254748879570589,0.7860058588800294,1.032735259595102,136.43068905380002,56,332,3682,0,,,,,,,,,,,,,,,,,
clean_motion,take,trial_0017,B1,3846,3846,3750,97.50390015600624,99.94666666666667,2,0,96,0,0,0,25837,0.016577446330013842,0.24917438396585334,0.009065784441156,25837,1.6577446330013828,24.91743839658476,0.9065784441155991,25494,47.56286786386411,3036.063986761554,40.10263283937743,25158,5946.12498264685,127977.17325155265,3502.0599421275506,3750,0.12295833760817487,0.5407764307516136,0.8076879325589476,1.032735259595102,138.3311500601407,59,332,3690,0,,,,,,,,,,,,,,,,,
clean_motion,take,trial_0017,B2,3846,3846,3732,97.03588143525741,99.94640943193998,2,0,114,0,0,0,25725,0.015893509716867253,0.25329378053143947,0.008506889901753885,25725,1.5893509716867378,25.329378053143362,0.8506889901753872,25396,47.68468248512617,1399.2886255815138,32.2349260390684,25067,5935.335024640014,237734.67942358644,4280.322495989772,3732,0.16671790516041973,0.525634713261231,0.773760129556136,1.032735259595102,129.53184019679014,57,332,3674,0,,,,,,,,,,,,,,,,,
clean_motion,take,trial_0017,B3,3846,3846,3732,97.03588143525741,99.94640943193998,2,0,114,0,0,0,25725,0.016548765525102822,0.31590593334811934,0.009130804465967724,25725,1.6548765525102809,31.590593334812606,0.9130804465967732,25396,61.03281521763419,1793.9212433892883,39.62453318778228,25074,8798.816915501282,307620.57636654965,5774.1284008842085,3732,0.16740864492658414,0.5228302260768061,0.7819660373574924,1.032735259595102,136.0705839609387,57,332,3675,0,,,,,,,,,,,,,,,,,
clean_motion,take,trial_0017,StrongLocal,3846,3846,3734,97.08788351534061,99.94643813604714,2,0,112,0,0,0,25739,0.016339771324404444,0.4458482544967448,0.00962138797697965,25739,1.6339771324404428,44.58482544967444,0.962138797697965,25417,54.990079876850004,2960.552671157458,43.96718392595546,25095,7747.662798015998,225727.87838194412,5513.885684855917,3734,0.17246624699740032,0.5285380066469737,0.7887897446287359,1.032735259595102,134.9864366006947,57,332,3677,0,,,,,,,,,,,,,,,,,
clean_motion,take,trial_0017,H_star,3846,3846,3733,97.06188247529902,99.9464237878382,2,0,113,0,0,0,25732,0.016279258800409896,0.2244798667089105,0.008714997228961668,25732,1.627925880040988,22.447986670890533,0.8714997228961653,25403,63.157455913976925,2229.013756940311,42.70864890684472,25074,9019.391877188677,272357.7617818806,5630.646381859135,3733,0.16683244379249018,0.5314023550974943,0.7954720560972911,1.032735259595102,134.1562995861566,57,332,3675,0,,,,,,,,,,,,,,,,,
clean_motion,take,trial_0017,HumanGT,3846,3846,3728,96.93187727509101,99.94635193133047,2,0,118,0,0,0,25697,0.015843217314002796,0.3397114457970074,0.009063520399106576,25697,1.5843217314002784,33.97114457970071,0.9063520399106564,25368,50.11009223344799,2178.96416532673,40.95657492031103,25039,6625.255048699416,186873.52341201072,4437.966057881972,3728,0.16645636756125803,0.533039703335379,0.7853724266915018,1.032735259595102,131.02624017392765,57,332,3670,0,,,,,,,,,,,,,,,,,
clean_motion,take,trial_0017,RobotSmooth,3846,3759,3756,97.65990639625585,100.0,0,0,0,3,87,0,25907,0.016860333530204635,0.41716152616526303,0.010648696990794362,25907,1.6860333530204619,41.716152616526266,1.0648696990794337,25585,49.59492967260456,4979.384596945601,106.31337771254434,25263,6378.7747259683765,944692.4393732321,18090.728365793035,3756,0.09803285262793882,0.5300978812575851,0.7856642562153107,1.032735259595102,141.68308183335145,55,332,2,0,3704.0,3701.0,99.91900647948164,0.0,0.0,3.0,9.025917926565874,3701.0,0.0,0.0005944339367738427,0.0,0.39999999999999974,2.199999999999992,33213.0,7.0,212.0,0.0
clean_motion,take,trial_0019,B0,6491,6491,6411,98.76752426436605,99.90641085634067,6,80,0,0,0,0,44436,0.022083551709848992,0.08998043396159616,0.010331478742579428,44436,2.2083551709849156,8.99804339615961,1.033147874257943,44009,51.14511996330875,413.19372351730635,25.943775676300607,43589,6571.630325407422,71153.23257400143,3520.4993870421345,6411,1.0969169156105352e-05,0.6400661378135617,0.8659867617874779,1.0226074946185655,293.23008582430646,63,185,6348,4,,,,,,,,,,,,,,,,,
clean_motion,take,trial_0019,B1,6491,6491,6421,98.9215837313203,99.90655661111977,6,70,0,0,0,0,44513,0.022084230642724387,0.09512169854615848,0.01044517710855467,44513,2.208423064272442,9.51216985461584,1.044517710855467,44086,52.12510846934071,429.84672772571764,26.55686223260021,43659,6718.165652548102,72970.31803889257,3613.937887331178,6421,0.00018105748675534272,0.65534839035897,0.885527285312488,1.0439012096655516,299.7008090084267,62,185,6359,0,,,,,,,,,,,,,,,,,
clean_motion,take,trial_0019,B2,6491,6491,6450,99.3683561854876,99.96899224806202,2,41,0,0,0,0,44744,0.0213712256446463,0.09468386013846163,0.009870387725542587,44744,2.137122564464638,9.468386013846153,0.9870387725542586,44338,51.77632983048689,421.1343672728437,26.18871915816474,43939,6472.231341263137,64252.5996712543,3577.040976007334,6450,0.0005470195868380046,0.6251077936025701,0.8355932216451701,0.9489835505608837,282.8155025673561,58,185,6391,0,,,,,,,,,,,,,,,,,
clean_motion,take,trial_0019,B3,6491,6491,6450,99.3683561854876,99.96899224806202,2,41,0,0,0,0,44744,0.022067484764156656,0.09516487834327501,0.01023603378654146,44744,2.2067484764156635,9.516487834327492,1.023603378654146,44338,72.21841678668447,1171.1717969209424,39.70871494597428,43939,10199.02383165509,201283.54761128122,6177.584268743544,6450,0.002431292832334897,0.6215039288480476,0.8354162174001227,0.9512345449449713,295.00145843087614,58,185,6391,0,,,,,,,,,,,,,,,,,
clean_motion,take,trial_0019,StrongLocal,6491,6491,6449,99.35295023879218,99.96898743991316,2,42,0,0,0,0,44737,0.021798213421006796,0.09401206918056904,0.010081867682692527,44737,2.1798213421006776,9.401206918056895,1.0081867682692527,44331,65.15013799783351,695.7293292087728,33.067679362288914,43925,9044.721717847857,127481.15473945953,4961.525695234466,6449,0.0018121849195633644,0.6277292889383794,0.8413101336574531,0.956127055945359,290.64670001527315,58,185,6389,1,,,,,,,,,,,,,,,,,
clean_motion,take,trial_0019,H_star,6491,6491,6448,99.33754429209675,99.95347394540943,3,43,0,0,0,0,44723,0.021926639487841192,0.09330093213008883,0.010150437129155079,44723,2.1926639487841175,9.330093213008874,1.0150437129155079,44317,77.26220750824808,459.30349100724493,37.999669757993935,43918,11604.689501914125,89914.85690032228,5906.324762910046,6448,0.0004203168319323325,0.6237653521320226,0.836581606906306,0.9497802001008191,294.5689675222756,59,185,6388,0,,,,,,,,,,,,,,,,,
clean_motion,take,trial_0019,HumanGT,6491,6491,6438,99.18348482514251,99.96893445169307,2,53,0,0,0,0,44660,0.02097621203588464,0.07361928530201745,0.009771790467737051,44660,2.0976212035884623,7.361928530201738,0.9771790467737053,44254,54.65865500165689,397.6668384091468,27.360225361149062,43848,7152.285132004781,67906.86549263894,3830.5309977726347,6438,0.0019017753455115027,0.6342389754238309,0.844660739848717,0.9104576870295022,285.4066617904938,58,185,6379,0,,,,,,,,,,,,,,,,,
clean_motion,take,trial_0019,RobotSmooth,6491,6491,6491,100.0,100.0,0,0,0,0,0,0,45045,0.021758623092577475,0.08998043371966791,0.010219735809574752,45045,2.1758623092577456,8.998043371966784,1.021973580957475,44653,57.93656610927959,686.2953167331198,42.77032489988748,44261,8011.022757024456,121433.551310291,6693.471502106389,6491,1.0969169156105352e-05,0.637843616135854,0.865757545719824,1.022607494618594,295.71076617436614,56,185,0,0,6435.0,6435.0,100.0,0.0,0.0,0.0,9.0,6435.0,0.0,0.0009324009324009283,0.0,0.04999999999999982,5.999999999999973,57529.0,364.0,22.0,0.0
clean_motion,take,trial_0020,B0,4567,4567,4567,100.0,99.75914166849135,11,0,0,0,0,0,31633,0.02032437452917824,0.08228992932864054,0.00962960851200106,31633,2.032437452917823,8.228992932864047,0.9629608512001059,31311,52.795451564321404,562.3147366840433,27.520854383101284,30996,6102.893524624102,91474.77493975197,3417.627918297481,4567,0.009977752858944644,0.49822866046446246,0.8010987493104313,0.9250478280569787,175.79925134297423,48,323,4519,0,,,,,,,,,,,,,,,,,
clean_motion,take,trial_0020,B1,4567,4567,4567,100.0,99.75914166849135,11,0,0,0,0,0,31633,0.020058193625496296,0.08408275909629559,0.009615920065676718,31633,2.0058193625496274,8.408275909629552,0.9615920065676716,31339,53.18919812731785,577.9192510379162,27.817458172610895,31045,6150.441705864387,94145.31100874931,3457.4779806679094,4567,0.003177934588071807,0.5205402332989744,0.8291504594642125,0.9596595421345446,178.69085436844756,48,323,4519,1,,,,,,,,,,,,,,,,,
clean_motion,take,trial_0020,B2,4567,4567,4567,100.0,100.0,0,0,0,0,0,0,31710,0.019078596378770494,0.08193143176951057,0.008953245937454885,31710,1.9078596378770536,8.193143176951049,0.8953245937454885,31451,53.116191197571,596.4460160310903,27.708972383239757,31192,6207.9502325384265,96157.40764569188,3474.595035751024,4567,0.015704168087902648,0.49351580383456833,0.8010731735370409,0.9374065980256665,166.71209796207,37,323,4530,0,,,,,,,,,,,,,,,,,
clean_motion,take,trial_0020,B3,4567,4567,4567,100.0,100.0,0,0,0,0,0,0,31710,0.02064065591834505,0.09412033793177745,0.009460781914962059,31710,2.064065591834503,9.412033793177736,0.9460781914962059,31451,72.3997769738237,602.1089707017325,38.15236019536346,31192,9126.059505012274,113243.92640527466,5432.477637837404,4567,0.014315871638725497,0.4937270335933109,0.8047423288266865,0.9525783106131973,178.66592052369907,37,323,4530,0,,,,,,,,,,,,,,,,,
clean_motion,take,trial_0020,StrongLocal,4567,4567,4567,100.0,100.0,0,0,0,0,0,0,31710,0.020150359331906734,0.0968078829860848,0.009336142721683633,31710,2.0150359331906715,9.680788298608471,0.9336142721683632,31451,67.415003633209,673.8842566109225,36.25178393504837,31192,8595.999336916177,122759.13861650135,5220.945901911728,4567,0.017736837271419947,0.5049322430673486,0.8122665829224872,0.9615563399318585,175.88029111876986,37,323,4530,0,,,,,,,,,,,,,,,,,
clean_motion,take,trial_0020,H_star,4567,4567,4567,100.0,100.0,0,0,0,0,0,0,31710,0.020266438078727144,0.07791500141256513,0.00930014805130822,31710,2.0266438078727127,7.79150014125655,0.9300148051308218,31451,83.22565099777398,617.6695747334893,40.81724559217273,31192,11787.148493364886,102875.91161678254,6152.161733892245,4567,0.013946544975067976,0.49318629207633874,0.7963050946835835,0.9388688985012683,176.6741305004133,37,323,4530,0,,,,,,,,,,,,,,,,,
clean_motion,take,trial_0020,HumanGT,4567,4567,4567,100.0,100.0,0,0,0,0,0,0,31710,0.020365251257878775,0.08830164270554917,0.009267264672647012,31710,2.0365251257878816,8.83016427055491,0.9267264672647011,31451,59.43357710205033,697.780023882596,30.926376595742575,31192,7365.261591431038,111578.17254650453,4038.7255674676135,4567,0.04711400481709482,0.5067013045742869,0.839549775983715,1.0019944555756037,171.81208840322142,37,323,4530,0,,,,,,,,,,,,,,,,,
clean_motion,take,trial_0020,RobotSmooth,4567,4567,4567,100.0,100.0,0,0,0,0,0,0,31710,0.019431985576244676,0.08228992932864054,0.009379565360043437,31710,1.943198557624466,8.228992932864047,0.9379565360043438,31451,57.17460773629445,613.5051704396255,39.28698995042753,31192,7221.360005665938,108576.52113262365,5693.317436748537,4567,0.0014417849973069607,0.5101972501646338,0.8010987493104916,0.9250478280569787,174.0295298067014,37,323,0,0,4530.0,4530.0,100.0,0.0,0.0,0.0,9.0,4530.0,0.0,0.0009492273730684286,0.0,0.04999999999999982,4.299999999999981,40532.0,237.0,1.0,0.0
