outer_held_take,model,alpha,inner_bite_circular_rmse,selected_local,star_alphas
trial_0012,L3_temporal_plate,1.0,0.10613822624219858,,
trial_0012,L3_temporal_plate,0.1,0.10691733460103403,,
trial_0012,L3_temporal_plate,0.01,0.10707009529943798,,
trial_0012,L3_temporal_plate,0.001,0.10708649162066494,,
trial_0012,L3_temporal_plate,10.0,0.10824500177020581,,
trial_0012,L0_kinematic,10.0,0.11023181379641622,,
trial_0012,L1_temporal,10.0,0.1106927005565211,,
trial_0012,L0_kinematic,1.0,0.11229368033989892,,
trial_0012,L0_kinematic,0.1,0.11348453488761032,,
trial_0012,L0_kinematic,0.01,0.11364174819360512,,
trial_0012,L0_kinematic,0.001,0.11365796403655622,,
trial_0012,L1_temporal,1.0,0.11370149239245282,,
trial_0012,L1_temporal,0.1,0.11525822404384126,,
trial_0012,L1_temporal,0.01,0.11546560966055726,,
trial_0012,L1_temporal,0.001,0.11548703433033847,,
trial_0012,L1_temporal,100.0,0.11668604278038995,,
trial_0012,L3_temporal_plate,100.0,0.11769871105471512,,
trial_0012,L0_kinematic,100.0,0.11777898683383901,,
trial_0012,L4_current_m3,100.0,0.14303081548164767,,
trial_0012,L2_temporal_psi0,100.0,0.1440450472776555,,
trial_0012,L4_current_m3,0.001,0.1682372209275405,,
trial_0012,L4_current_m3,0.01,0.1682459323969856,,
trial_0012,L4_current_m3,0.1,0.16833527182089741,,
trial_0012,L4_current_m3,1.0,0.16927618275130407,,
trial_0012,L4_current_m3,10.0,0.16982279420641444,,
trial_0012,L2_temporal_psi0,10.0,0.17319231437608162,,
trial_0012,L2_temporal_psi0,1.0,0.18493875383820535,,
trial_0012,L2_temporal_psi0,0.1,0.1874687927333474,,
trial_0012,L2_temporal_psi0,0.01,0.1877700619217447,,
trial_0012,L2_temporal_psi0,0.001,0.1878008103840506,,
trial_0012,SELECTED,1.0,0.10613822624219858,L3_temporal_plate,"{'StrongLocal_star': 1.0, 'H_star': 1.0, 'F_star': 1.0, 'P_star': 10.0}"
trial_0013,L3_temporal_plate,10.0,0.11427530776248543,,
trial_0013,L3_temporal_plate,1.0,0.11431936260437599,,
trial_0013,L3_temporal_plate,0.1,0.1159350012362146,,
trial_0013,L3_temporal_plate,0.01,0.11618225917210165,,
trial_0013,L3_temporal_plate,0.001,0.11620818598878883,,
trial_0013,L1_temporal,10.0,0.11887762756374096,,
trial_0013,L0_kinematic,10.0,0.11918007690934213,,
trial_0013,L1_temporal,100.0,0.12091529837354073,,
trial_0013,L3_temporal_plate,100.0,0.12200661713241076,,
trial_0013,L0_kinematic,100.0,0.12254136832551704,,
trial_0013,L0_kinematic,1.0,0.12276533080623109,,
trial_0013,L1_temporal,1.0,0.12281750326878256,,
trial_0013,L0_kinematic,0.1,0.12417516893408619,,
trial_0013,L1_temporal,0.1,0.12425860923864503,,
trial_0013,L0_kinematic,0.01,0.12435810773867362,,
trial_0013,L0_kinematic,0.001,0.12437696046262084,,
trial_0013,L1_temporal,0.01,0.12444468977692383,,
trial_0013,L1_temporal,0.001,0.12446386151111151,,
trial_0013,L4_current_m3,100.0,0.14580234185151122,,
trial_0013,L2_temporal_psi0,100.0,0.1458934504443495,,
trial_0013,L4_current_m3,0.01,0.14948667819697598,,
trial_0013,L4_current_m3,0.001,0.1494867441788688,,
trial_0013,L4_current_m3,0.1,0.14949567625682647,,
trial_0013,L4_current_m3,1.0,0.15020717928291913,,
trial_0013,L4_current_m3,10.0,0.15894902539943062,,
trial_0013,L2_temporal_psi0,10.0,0.17541647412579275,,
trial_0013,L2_temporal_psi0,1.0,0.18454289688895478,,
trial_0013,L2_temporal_psi0,0.1,0.18587105284874933,,
trial_0013,L2_temporal_psi0,0.01,0.18601581770831266,,
trial_0013,L2_temporal_psi0,0.001,0.18603045275994357,,
trial_0013,SELECTED,10.0,0.11427530776248543,L3_temporal_plate,"{'StrongLocal_star': 10.0, 'H_star': 1.0, 'F_star': 1.0, 'P_star': 1.0}"
trial_0014,L3_temporal_plate,1.0,0.11291534807733733,,
trial_0014,L3_temporal_plate,10.0,0.11342182783439522,,
trial_0014,L4_current_m3,10.0,0.11438381120970674,,
trial_0014,L3_temporal_plate,0.1,0.114886352002772,,
trial_0014,L3_temporal_plate,0.01,0.11520321106823055,,
trial_0014,L3_temporal_plate,0.001,0.11523660497575061,,
trial_0014,L4_current_m3,1.0,0.11599218019122025,,
trial_0014,L2_temporal_psi0,10.0,0.11786891467319231,,
trial_0014,L4_current_m3,0.1,0.11817095936997135,,
trial_0014,L1_temporal,10.0,0.11840932173923303,,
trial_0014,L4_current_m3,0.01,0.11850310728072419,,
trial_0014,L4_current_m3,0.001,0.11853794907154093,,
trial_0014,L2_temporal_psi0,100.0,0.11861217806192384,,
trial_0014,L0_kinematic,10.0,0.11908199750415181,,
trial_0014,L4_current_m3,100.0,0.11971809629004389,,
trial_0014,L1_temporal,100.0,0.12014675208281304,,
trial_0014,L3_temporal_plate,100.0,0.12131358563030377,,
trial_0014,L2_temporal_psi0,1.0,0.12232163602541668,,
trial_0014,L0_kinematic,100.0,0.1223335317442228,,
trial_0014,L1_temporal,1.0,0.12266404035191437,,
trial_0014,L0_kinematic,1.0,0.12270082580580026,,
trial_0014,L2_temporal_psi0,0.1,0.12368396572538105,,
trial_0014,L2_temporal_psi0,0.01,0.12385205945283244,,
trial_0014,L2_temporal_psi0,0.001,0.12386927674436332,,
trial_0014,L0_kinematic,0.1,0.12397692880258812,,
trial_0014,L1_temporal,0.1,0.12409472014244115,,
trial_0014,L0_kinematic,0.01,0.12413606855629256,,
trial_0014,L0_kinematic,0.001,0.12415238331791156,,
trial_0014,L1_temporal,0.01,0.12427365357106973,,
trial_0014,L1_temporal,0.001,0.12429200886297327,,
trial_0014,SELECTED,1.0,0.11291534807733733,L3_temporal_plate,"{'StrongLocal_star': 1.0, 'H_star': 10.0, 'F_star': 10.0, 'P_star': 10.0}"
trial_0015,L3_temporal_plate,1.0,0.11007587576932701,,
trial_0015,L3_temporal_plate,0.1,0.11023111250052384,,
trial_0015,L3_temporal_plate,0.01,0.11029932270950875,,
trial_0015,L3_temporal_plate,0.001,0.1103069997040572,,
trial_0015,L3_temporal_plate,10.0,0.11389348168940072,,
trial_0015,L0_kinematic,1.0,0.11600367079532148,,
trial_0015,L0_kinematic,0.1,0.11631052001129938,,
trial_0015,L0_kinematic,0.01,0.11637147586653258,,
trial_0015,L0_kinematic,0.001,0.11637803348827011,,
trial_0015,L1_temporal,1.0,0.1167708553444139,,
trial_0015,L0_kinematic,10.0,0.11712939101682972,,
trial_0015,L1_temporal,0.1,0.11715611683251605,,
trial_0015,L1_temporal,0.01,0.11722851960458942,,
trial_0015,L1_temporal,0.001,0.11723628250241368,,
trial_0015,L1_temporal,10.0,0.11749128692188095,,
trial_0015,L1_temporal,100.0,0.12257596738777314,,
trial_0015,L3_temporal_plate,100.0,0.12351923133458548,,
trial_0015,L0_kinematic,100.0,0.12397546493267318,,
trial_0015,L4_current_m3,100.0,0.15186565086301476,,
trial_0015,L2_temporal_psi0,100.0,0.15201821444292404,,
trial_0015,L4_current_m3,0.001,0.15266868959385177,,
trial_0015,L4_current_m3,0.01,0.1526829545380738,,
trial_0015,L4_current_m3,0.1,0.15283249081468597,,
trial_0015,L4_current_m3,1.0,0.1546854021226971,,
trial_0015,L4_current_m3,10.0,0.16633354450786983,,
trial_0015,L2_temporal_psi0,0.001,0.1713715893513625,,
trial_0015,L2_temporal_psi0,0.01,0.17139819792002084,,
trial_0015,L2_temporal_psi0,0.1,0.17165926371297036,,
trial_0015,L2_temporal_psi0,1.0,0.17381386248769654,,
trial_0015,L2_temporal_psi0,10.0,0.17785684398755378,,
trial_0015,SELECTED,1.0,0.11007587576932701,L3_temporal_plate,"{'StrongLocal_star': 1.0, 'H_star': 0.1, 'F_star': 1.0, 'P_star': 1.0}"
trial_0017,L3_temporal_plate,10.0,0.11289796754627533,,
trial_0017,L3_temporal_plate,1.0,0.11316958948649868,,
trial_0017,L3_temporal_plate,0.1,0.11471863879568768,,
trial_0017,L3_temporal_plate,0.01,0.11496112596529134,,
trial_0017,L3_temporal_plate,0.001,0.1149866217769149,,
trial_0017,L0_kinematic,10.0,0.11652392838636944,,
trial_0017,L1_temporal,10.0,0.11656462683717245,,
trial_0017,L1_temporal,100.0,0.11851913028876647,,
trial_0017,L3_temporal_plate,100.0,0.1198702078954144,,
trial_0017,L0_kinematic,1.0,0.12008786333264741,,
trial_0017,L0_kinematic,100.0,0.12020597871747823,,
trial_0017,L1_temporal,1.0,0.12119765966493058,,
trial_0017,L0_kinematic,0.1,0.12140926674449758,,
trial_0017,L0_kinematic,0.01,0.12157426004376468,,
trial_0017,L0_kinematic,0.001,0.12159117266551131,,
trial_0017,L1_temporal,0.1,0.12279667954361735,,
trial_0017,L1_temporal,0.01,0.1229957005423878,,
trial_0017,L1_temporal,0.001,0.12301609747572821,,
trial_0017,L4_current_m3,100.0,0.19164587041249972,,
trial_0017,L2_temporal_psi0,100.0,0.192588474390273,,
trial_0017,L4_current_m3,10.0,0.276499989562614,,
trial_0017,L2_temporal_psi0,10.0,0.290272992446001,,
trial_0017,L4_current_m3,1.0,0.3008866368251042,,
trial_0017,L4_current_m3,0.1,0.30976904866514776,,
trial_0017,L4_current_m3,0.01,0.310996578269758,,
trial_0017,L4_current_m3,0.001,0.3111239972784095,,
trial_0017,L2_temporal_psi0,1.0,0.3184184307202982,,
trial_0017,L2_temporal_psi0,0.1,0.32223767472653364,,
trial_0017,L2_temporal_psi0,0.01,0.3226442790351095,,
trial_0017,L2_temporal_psi0,0.001,0.3226852370780493,,
trial_0017,SELECTED,10.0,0.11289796754627533,L3_temporal_plate,"{'StrongLocal_star': 10.0, 'H_star': 1.0, 'F_star': 10.0, 'P_star': 10.0}"
trial_0019,L3_temporal_plate,10.0,0.11722088327229455,,
trial_0019,L3_temporal_plate,1.0,0.1189529013646335,,
trial_0019,L3_temporal_plate,0.1,0.12109727360978947,,
trial_0019,L0_kinematic,10.0,0.12139248457583453,,
trial_0019,L3_temporal_plate,0.01,0.12143079726099865,,
trial_0019,L3_temporal_plate,0.001,0.12146591617379546,,
trial_0019,L1_temporal,10.0,0.12149753346962175,,
trial_0019,L1_temporal,100.0,0.12173302034499586,,
trial_0019,L3_temporal_plate,100.0,0.12318596282971442,,
trial_0019,L0_kinematic,100.0,0.12369181694580146,,
trial_0019,L0_kinematic,1.0,0.12600633913590967,,
trial_0019,L1_temporal,1.0,0.12706145495633264,,
trial_0019,L0_kinematic,0.1,0.12747581220988158,,
trial_0019,L0_kinematic,0.01,0.12766402432753327,,
trial_0019,L0_kinematic,0.001,0.12768341937295313,,
trial_0019,L1_temporal,0.1,0.12878841744188843,,
trial_0019,L1_temporal,0.01,0.1290111755588174,,
trial_0019,L1_temporal,0.001,0.1290341576681107,,
trial_0019,L2_temporal_psi0,100.0,0.1436502453846546,,
trial_0019,L4_current_m3,100.0,0.14387859626139168,,
trial_0019,L4_current_m3,0.1,0.1587406471341498,,
trial_0019,L4_current_m3,0.01,0.15877050598601855,,
trial_0019,L4_current_m3,0.001,0.1587744424217455,,
trial_0019,L4_current_m3,1.0,0.15901892814754523,,
trial_0019,L4_current_m3,10.0,0.1627120885639051,,
trial_0019,L2_temporal_psi0,10.0,0.17693083390202788,,
trial_0019,L2_temporal_psi0,1.0,0.19111841716398223,,
trial_0019,L2_temporal_psi0,0.1,0.1935223600939329,,
trial_0019,L2_temporal_psi0,0.01,0.19379655283305544,,
trial_0019,L2_temporal_psi0,0.001,0.19382443589760381,,
trial_0019,SELECTED,10.0,0.11722088327229455,L3_temporal_plate,"{'StrongLocal_star': 10.0, 'H_star': 10.0, 'F_star': 10.0, 'P_star': 10.0}"
trial_0020,L3_temporal_plate,10.0,0.10519397630965435,,
trial_0020,L3_temporal_plate,1.0,0.10595609160344008,,
trial_0020,L1_temporal,10.0,0.10692414271682975,,
trial_0020,L3_temporal_plate,0.1,0.10730936207816774,,
trial_0020,L0_kinematic,10.0,0.1073749499505391,,
trial_0020,L3_temporal_plate,0.01,0.10751541759338018,,
trial_0020,L3_temporal_plate,0.001,0.10753702517351889,,
trial_0020,L0_kinematic,1.0,0.1095232825961562,,
trial_0020,L1_temporal,1.0,0.10971178694058317,,
trial_0020,L1_temporal,100.0,0.11024663485939104,,
trial_0020,L0_kinematic,0.1,0.11034637246194973,,
trial_0020,L0_kinematic,0.01,0.1104489957298478,,
trial_0020,L0_kinematic,0.001,0.11045951469431564,,
trial_0020,L1_temporal,0.1,0.11065304424651734,,
trial_0020,L1_temporal,0.01,0.11076903735977225,,
trial_0020,L1_temporal,0.001,0.11078091394899046,,
trial_0020,L3_temporal_plate,100.0,0.1111410582905728,,
trial_0020,L0_kinematic,100.0,0.11186664198852093,,
trial_0020,L2_temporal_psi0,100.0,0.13187128238047177,,
trial_0020,L4_current_m3,100.0,0.13211760571059403,,
trial_0020,L4_current_m3,0.1,0.14518118691987036,,
trial_0020,L4_current_m3,0.01,0.14521203875785565,,
trial_0020,L4_current_m3,0.001,0.1452158393536505,,
trial_0020,L4_current_m3,1.0,0.1453298630000533,,
trial_0020,L4_current_m3,10.0,0.14839633231870553,,
trial_0020,L2_temporal_psi0,10.0,0.1543272149375478,,
trial_0020,L2_temporal_psi0,1.0,0.16101146805784405,,
trial_0020,L2_temporal_psi0,0.1,0.16208456676435276,,
trial_0020,L2_temporal_psi0,0.01,0.16220466944383324,,
trial_0020,L2_temporal_psi0,0.001,0.16221684114199184,,
trial_0020,SELECTED,10.0,0.10519397630965435,L3_temporal_plate,"{'StrongLocal_star': 10.0, 'H_star': 1.0, 'F_star': 10.0, 'P_star': 10.0}"
