record_id,parent_bite_id,take,phase,g0_initial_source_index,g0_initial_motive_frame,initial_position_error_m,initial_orientation_error_rad,psi_valid_at_g0_initial_pose,psi0,eligibility_status
trial_0012_bite_001_transfer,trial_0012_bite_001,trial_0012,transfer,0,315,0.0,0.0,True,-2.894375877838511,G1_ELIGIBLE
trial_0012_bite_001_withdrawal,trial_0012_bite_001,trial_0012,withdrawal,0,547,0.0,0.0,True,-2.8138901376555507,G1_ELIGIBLE
trial_0012_bite_002_transfer,trial_0012_bite_002,trial_0012,transfer,0,2177,0.0,0.0,True,-3.1042825709570723,G1_ELIGIBLE
trial_0012_bite_002_withdrawal,trial_0012_bite_002,trial_0012,withdrawal,0,2406,0.0,0.0,True,-2.9648357083929904,G1_ELIGIBLE
trial_0012_bite_003_transfer,trial_0012_bite_003,trial_0012,transfer,0,4009,0.0,0.0,True,-3.0195359416469416,G1_ELIGIBLE
trial_0012_bite_003_withdrawal,trial_0012_bite_003,trial_0012,withdrawal,0,4206,0.0,0.0,True,-2.9975119864825923,G1_ELIGIBLE
trial_0012_bite_004_transfer,trial_0012_bite_004,trial_0012,transfer,0,5473,0.0,0.0,True,-3.073053220666292,G1_ELIGIBLE
trial_0012_bite_004_withdrawal,trial_0012_bite_004,trial_0012,withdrawal,0,5658,0.0,0.0,True,-2.985009251194544,G1_ELIGIBLE
trial_0012_bite_005_transfer,trial_0012_bite_005,trial_0012,transfer,0,7031,0.0,0.0,True,-2.97590291745607,G1_ELIGIBLE
trial_0012_bite_005_withdrawal,trial_0012_bite_005,trial_0012,withdrawal,0,7214,0.0,0.0,True,-2.9896240573611945,G1_ELIGIBLE
trial_0012_bite_006_transfer,trial_0012_bite_006,trial_0012,transfer,0,8219,0.0,0.0,True,-3.1176690529898656,G1_ELIGIBLE
trial_0012_bite_006_withdrawal,trial_0012_bite_006,trial_0012,withdrawal,0,8418,0.0,0.0,True,-2.946746265791702,G1_ELIGIBLE
trial_0012_bite_007_transfer,trial_0012_bite_007,trial_0012,transfer,0,9752,0.0,0.0,True,-3.0645180848726485,G1_ELIGIBLE
trial_0012_bite_007_withdrawal,trial_0012_bite_007,trial_0012,withdrawal,0,9923,0.0,0.0,True,-2.986989009516538,G1_ELIGIBLE
trial_0012_bite_008_transfer,trial_0012_bite_008,trial_0012,transfer,0,12392,0.0,0.0,True,-3.1048291737021554,G1_ELIGIBLE
trial_0012_bite_008_withdrawal,trial_0012_bite_008,trial_0012,withdrawal,0,12623,0.0,0.0,True,-2.9839015647709424,G1_ELIGIBLE
trial_0012_bite_009_transfer,trial_0012_bite_009,trial_0012,transfer,0,13620,0.0,0.0,True,-3.106762587711467,G1_ELIGIBLE
trial_0012_bite_009_withdrawal,trial_0012_bite_009,trial_0012,withdrawal,0,13902,0.0,0.0,True,-3.0274372597006836,G1_ELIGIBLE
trial_0012_bite_010_transfer,trial_0012_bite_010,trial_0012,transfer,0,15168,0.0,0.0,True,-3.032912286010602,G1_ELIGIBLE
trial_0012_bite_010_withdrawal,trial_0012_bite_010,trial_0012,withdrawal,0,15383,0.0,0.0,True,-2.9673078374794812,G1_ELIGIBLE
trial_0012_bite_011_transfer,trial_0012_bite_011,trial_0012,transfer,0,16651,0.0,0.0,True,-3.061618379101701,G1_ELIGIBLE
trial_0012_bite_011_withdrawal,trial_0012_bite_011,trial_0012,withdrawal,0,16908,0.0,0.0,True,-2.961093353561583,G1_ELIGIBLE
trial_0012_bite_012_transfer,trial_0012_bite_012,trial_0012,transfer,0,17919,0.0,0.0,True,-3.123794731402387,G1_ELIGIBLE
trial_0012_bite_012_withdrawal,trial_0012_bite_012,trial_0012,withdrawal,0,18129,0.0,0.0,True,-2.994367752655214,G1_ELIGIBLE
trial_0012_bite_013_transfer,trial_0012_bite_013,trial_0012,transfer,0,19456,0.0,0.0,True,-2.9625427498874917,G1_ELIGIBLE
trial_0012_bite_013_withdrawal,trial_0012_bite_013,trial_0012,withdrawal,0,19729,0.0,0.0,True,-2.798887067610996,G1_ELIGIBLE
trial_0012_bite_014_transfer,trial_0012_bite_014,trial_0012,transfer,0,22036,0.0,0.0,True,-2.9032561434941657,G1_ELIGIBLE
trial_0012_bite_014_withdrawal,trial_0012_bite_014,trial_0012,withdrawal,0,22258,0.0,0.0,True,-2.57304154792386,G1_ELIGIBLE
trial_0012_bite_015_transfer,trial_0012_bite_015,trial_0012,transfer,0,23879,0.0,0.0,True,-3.0217592616390863,G1_ELIGIBLE
trial_0012_bite_015_withdrawal,trial_0012_bite_015,trial_0012,withdrawal,0,24086,0.0,0.0,True,-2.6983510868098697,G1_ELIGIBLE
trial_0013_bite_001_transfer,trial_0013_bite_001,trial_0013,transfer,0,868,0.0,0.0,True,-2.680369339441312,G1_ELIGIBLE
trial_0013_bite_001_withdrawal,trial_0013_bite_001,trial_0013,withdrawal,0,1164,0.0,0.0,True,-2.453244061303388,G1_ELIGIBLE
trial_0013_bite_002_transfer,trial_0013_bite_002,trial_0013,transfer,0,3788,0.0,0.0,True,-2.8049076105926884,G1_ELIGIBLE
trial_0013_bite_002_withdrawal,trial_0013_bite_002,trial_0013,withdrawal,0,4222,0.0,0.0,True,-2.570762205606196,G1_ELIGIBLE
trial_0013_bite_003_transfer,trial_0013_bite_003,trial_0013,transfer,0,6003,0.0,0.0,True,-2.850330741351466,G1_ELIGIBLE
trial_0013_bite_003_withdrawal,trial_0013_bite_003,trial_0013,withdrawal,0,6324,0.0,0.0,True,-2.6677920615689894,G1_ELIGIBLE
trial_0013_bite_004_transfer,trial_0013_bite_004,trial_0013,transfer,0,9184,0.0,0.0,False,,NO_VALID_INITIAL_PSI
trial_0013_bite_004_withdrawal,trial_0013_bite_004,trial_0013,withdrawal,0,9436,0.0,0.0,True,-2.6106457401409906,G1_ELIGIBLE
trial_0013_bite_005_transfer,trial_0013_bite_005,trial_0013,transfer,0,11691,0.0,0.0,True,-2.6465964469313628,G1_ELIGIBLE
trial_0013_bite_005_withdrawal,trial_0013_bite_005,trial_0013,withdrawal,0,11991,0.0,0.0,True,-2.665836581937227,G1_ELIGIBLE
trial_0013_bite_006_transfer,trial_0013_bite_006,trial_0013,transfer,0,13993,0.0,0.0,True,-2.8035270046381817,G1_ELIGIBLE
trial_0013_bite_006_withdrawal,trial_0013_bite_006,trial_0013,withdrawal,0,14261,0.0,0.0,True,-2.593649098104729,G1_ELIGIBLE
trial_0013_bite_007_transfer,trial_0013_bite_007,trial_0013,transfer,0,16143,0.0,0.0,False,,NO_VALID_INITIAL_PSI
trial_0013_bite_007_withdrawal,trial_0013_bite_007,trial_0013,withdrawal,0,16335,0.0,0.0,True,-2.7000877460209995,G1_ELIGIBLE
trial_0013_bite_008_transfer,trial_0013_bite_008,trial_0013,transfer,0,18828,0.0,0.0,True,-2.747388997416543,G1_ELIGIBLE
trial_0013_bite_008_withdrawal,trial_0013_bite_008,trial_0013,withdrawal,0,19109,0.0,0.0,True,-2.6998159872286553,G1_ELIGIBLE
trial_0013_bite_009_transfer,trial_0013_bite_009,trial_0013,transfer,0,23425,0.0,0.0,True,-2.711271867018143,G1_ELIGIBLE
trial_0013_bite_009_withdrawal,trial_0013_bite_009,trial_0013,withdrawal,0,23692,0.0,0.0,True,-2.673481903617332,G1_ELIGIBLE
trial_0013_bite_010_transfer,trial_0013_bite_010,trial_0013,transfer,0,27014,0.0,0.0,True,-2.7704973523219727,G1_ELIGIBLE
trial_0013_bite_010_withdrawal,trial_0013_bite_010,trial_0013,withdrawal,0,27357,0.0,0.0,True,-2.7186479650759883,G1_ELIGIBLE
trial_0013_bite_011_transfer,trial_0013_bite_011,trial_0013,transfer,0,30483,0.0,0.0,True,-2.575383520219882,G1_ELIGIBLE
trial_0013_bite_011_withdrawal,trial_0013_bite_011,trial_0013,withdrawal,0,30714,0.0,0.0,True,-2.603304990801717,G1_ELIGIBLE
trial_0013_bite_012_transfer,trial_0013_bite_012,trial_0013,transfer,0,32947,0.0,0.0,True,-2.8432515536222556,G1_ELIGIBLE
trial_0013_bite_012_withdrawal,trial_0013_bite_012,trial_0013,withdrawal,0,33285,0.0,0.0,True,-2.6380653027206167,G1_ELIGIBLE
trial_0014_bite_001_transfer,trial_0014_bite_001,trial_0014,transfer,0,405,0.0,0.0,True,-3.0561683453654713,G1_ELIGIBLE
trial_0014_bite_001_withdrawal,trial_0014_bite_001,trial_0014,withdrawal,0,665,0.0,0.0,True,-2.8529784962180584,G1_ELIGIBLE
trial_0014_bite_002_transfer,trial_0014_bite_002,trial_0014,transfer,0,3751,0.0,0.0,True,-2.9287132203527557,G1_ELIGIBLE
trial_0014_bite_002_withdrawal,trial_0014_bite_002,trial_0014,withdrawal,0,4076,0.0,0.0,True,-2.8541286227500433,G1_ELIGIBLE
trial_0014_bite_003_transfer,trial_0014_bite_003,trial_0014,transfer,0,6350,0.0,0.0,True,3.13951318946339,G1_ELIGIBLE
trial_0014_bite_003_withdrawal,trial_0014_bite_003,trial_0014,withdrawal,0,6622,0.0,0.0,True,-2.8758195879438957,G1_ELIGIBLE
trial_0014_bite_004_transfer,trial_0014_bite_004,trial_0014,transfer,0,8548,0.0,0.0,True,-3.06370214133576,G1_ELIGIBLE
trial_0014_bite_004_withdrawal,trial_0014_bite_004,trial_0014,withdrawal,0,8800,0.0,0.0,True,-2.833414201239561,G1_ELIGIBLE
trial_0014_bite_005_transfer,trial_0014_bite_005,trial_0014,transfer,0,11548,0.0,0.0,True,3.0611600621963735,G1_ELIGIBLE
trial_0014_bite_005_withdrawal,trial_0014_bite_005,trial_0014,withdrawal,0,11808,0.0,0.0,True,-2.7917973652594714,G1_ELIGIBLE
trial_0014_bite_006_transfer,trial_0014_bite_006,trial_0014,transfer,0,13847,0.0,0.0,True,-3.0563114107090152,G1_ELIGIBLE
trial_0014_bite_006_withdrawal,trial_0014_bite_006,trial_0014,withdrawal,0,14029,0.0,0.0,True,-2.773796954966447,G1_ELIGIBLE
trial_0014_bite_007_transfer,trial_0014_bite_007,trial_0014,transfer,0,15953,0.0,0.0,True,-3.1248870551111594,G1_ELIGIBLE
trial_0014_bite_007_withdrawal,trial_0014_bite_007,trial_0014,withdrawal,0,16142,0.0,0.0,True,-2.8668232648823624,G1_ELIGIBLE
trial_0014_bite_008_transfer,trial_0014_bite_008,trial_0014,transfer,0,17522,0.0,0.0,True,-2.9862125982765124,G1_ELIGIBLE
trial_0014_bite_008_withdrawal,trial_0014_bite_008,trial_0014,withdrawal,0,17671,0.0,0.0,True,-2.702503753204136,G1_ELIGIBLE
trial_0014_bite_009_transfer,trial_0014_bite_009,trial_0014,transfer,0,19363,0.0,0.0,True,-3.0702241245876842,G1_ELIGIBLE
trial_0014_bite_009_withdrawal,trial_0014_bite_009,trial_0014,withdrawal,0,19559,0.0,0.0,True,-2.7737584825915667,G1_ELIGIBLE
trial_0014_bite_010_transfer,trial_0014_bite_010,trial_0014,transfer,0,20901,0.0,0.0,True,3.135918283247225,G1_ELIGIBLE
trial_0014_bite_010_withdrawal,trial_0014_bite_010,trial_0014,withdrawal,0,21102,0.0,0.0,True,-2.854306278951664,G1_ELIGIBLE
trial_0014_bite_011_transfer,trial_0014_bite_011,trial_0014,transfer,0,22674,0.0,0.0,True,-3.087272372347122,G1_ELIGIBLE
trial_0014_bite_011_withdrawal,trial_0014_bite_011,trial_0014,withdrawal,0,22885,0.0,0.0,True,-2.7749759079555245,G1_ELIGIBLE
trial_0014_bite_012_transfer,trial_0014_bite_012,trial_0014,transfer,0,24447,0.0,0.0,True,3.001398116734949,G1_ELIGIBLE
trial_0014_bite_012_withdrawal,trial_0014_bite_012,trial_0014,withdrawal,0,24659,0.0,0.0,True,-2.845956492163879,G1_ELIGIBLE
trial_0014_bite_013_transfer,trial_0014_bite_013,trial_0014,transfer,0,26299,0.0,0.0,True,3.0123789994223813,G1_ELIGIBLE
trial_0014_bite_013_withdrawal,trial_0014_bite_013,trial_0014,withdrawal,0,26524,0.0,0.0,True,-2.8214183647003845,G1_ELIGIBLE
trial_0014_bite_014_transfer,trial_0014_bite_014,trial_0014,transfer,0,28350,0.0,0.0,True,-3.0688626000408346,G1_ELIGIBLE
trial_0014_bite_014_withdrawal,trial_0014_bite_014,trial_0014,withdrawal,0,28523,0.0,0.0,True,-2.761370305432704,G1_ELIGIBLE
trial_0014_bite_015_transfer,trial_0014_bite_015,trial_0014,transfer,0,30324,0.0,0.0,True,-3.1201731285953413,G1_ELIGIBLE
trial_0014_bite_015_withdrawal,trial_0014_bite_015,trial_0014,withdrawal,0,30531,0.0,0.0,True,-2.7954030801499345,G1_ELIGIBLE
trial_0014_bite_016_transfer,trial_0014_bite_016,trial_0014,transfer,0,32908,0.0,0.0,True,-3.0912119276202414,G1_ELIGIBLE
trial_0014_bite_016_withdrawal,trial_0014_bite_016,trial_0014,withdrawal,0,33095,0.0,0.0,True,-2.78208438049713,G1_ELIGIBLE
trial_0014_bite_017_transfer,trial_0014_bite_017,trial_0014,transfer,0,34654,0.0,0.0,True,-3.1398900708935815,G1_ELIGIBLE
trial_0014_bite_017_withdrawal,trial_0014_bite_017,trial_0014,withdrawal,0,34891,0.0,0.0,True,-2.8671402217038082,G1_ELIGIBLE
trial_0014_bite_018_transfer,trial_0014_bite_018,trial_0014,transfer,0,36615,0.0,0.0,True,3.1303541962998853,G1_ELIGIBLE
trial_0014_bite_018_withdrawal,trial_0014_bite_018,trial_0014,withdrawal,0,36808,0.0,0.0,True,-2.865083142521525,G1_ELIGIBLE
trial_0014_bite_019_transfer,trial_0014_bite_019,trial_0014,transfer,0,38182,0.0,0.0,True,-3.13116201840914,G1_ELIGIBLE
trial_0014_bite_019_withdrawal,trial_0014_bite_019,trial_0014,withdrawal,0,38402,0.0,0.0,True,-2.988603231971274,G1_ELIGIBLE
trial_0014_bite_020_transfer,trial_0014_bite_020,trial_0014,transfer,0,41190,0.0,0.0,True,3.130320960859768,G1_ELIGIBLE
trial_0014_bite_020_withdrawal,trial_0014_bite_020,trial_0014,withdrawal,0,41423,0.0,0.0,True,-3.066327586648585,G1_ELIGIBLE
trial_0014_bite_021_transfer,trial_0014_bite_021,trial_0014,transfer,0,43291,0.0,0.0,True,-3.082253264058734,G1_ELIGIBLE
trial_0014_bite_021_withdrawal,trial_0014_bite_021,trial_0014,withdrawal,0,43577,0.0,0.0,True,-2.8683716158755423,G1_ELIGIBLE
trial_0015_bite_001_transfer,trial_0015_bite_001,trial_0015,transfer,0,1286,0.0,0.0,True,-2.552784852563882,G1_ELIGIBLE
trial_0015_bite_001_withdrawal,trial_0015_bite_001,trial_0015,withdrawal,0,1525,0.0,0.0,True,-2.369565732341667,G1_ELIGIBLE
trial_0015_bite_002_transfer,trial_0015_bite_002,trial_0015,transfer,0,2511,0.0,0.0,True,-2.635812408689981,G1_ELIGIBLE
trial_0015_bite_002_withdrawal,trial_0015_bite_002,trial_0015,withdrawal,0,2731,0.0,0.0,True,-2.3291896069988463,G1_ELIGIBLE
trial_0015_bite_003_transfer,trial_0015_bite_003,trial_0015,transfer,0,3432,0.0,0.0,True,-2.656572933196895,G1_ELIGIBLE
trial_0015_bite_003_withdrawal,trial_0015_bite_003,trial_0015,withdrawal,0,3639,0.0,0.0,True,-2.4075897919087357,G1_ELIGIBLE
trial_0015_bite_004_transfer,trial_0015_bite_004,trial_0015,transfer,0,4461,0.0,0.0,True,-2.7073657499040262,G1_ELIGIBLE
trial_0015_bite_004_withdrawal,trial_0015_bite_004,trial_0015,withdrawal,0,4664,0.0,0.0,True,-2.4540201399498796,G1_ELIGIBLE
trial_0015_bite_005_transfer,trial_0015_bite_005,trial_0015,transfer,0,5394,0.0,0.0,True,-2.6932634494534553,G1_ELIGIBLE
trial_0015_bite_005_withdrawal,trial_0015_bite_005,trial_0015,withdrawal,0,5571,0.0,0.0,True,-2.4458156290617126,G1_ELIGIBLE
trial_0015_bite_006_transfer,trial_0015_bite_006,trial_0015,transfer,0,6043,0.0,0.0,True,-2.7506757324946243,G1_ELIGIBLE
trial_0015_bite_006_withdrawal,trial_0015_bite_006,trial_0015,withdrawal,0,6196,0.0,0.0,True,-2.4706207340819706,G1_ELIGIBLE
trial_0015_bite_007_transfer,trial_0015_bite_007,trial_0015,transfer,0,6780,0.0,0.0,True,-2.7463680246529796,G1_ELIGIBLE
trial_0015_bite_007_withdrawal,trial_0015_bite_007,trial_0015,withdrawal,0,6983,0.0,0.0,True,-2.539706209118495,G1_ELIGIBLE
trial_0015_bite_008_transfer,trial_0015_bite_008,trial_0015,transfer,0,8131,0.0,0.0,True,-2.6704356770647903,G1_ELIGIBLE
trial_0015_bite_008_withdrawal,trial_0015_bite_008,trial_0015,withdrawal,0,8326,0.0,0.0,True,-2.5859124459151257,G1_ELIGIBLE
trial_0015_bite_009_transfer,trial_0015_bite_009,trial_0015,transfer,0,9121,0.0,0.0,True,-2.7363165555712534,G1_ELIGIBLE
trial_0015_bite_009_withdrawal,trial_0015_bite_009,trial_0015,withdrawal,0,9310,0.0,0.0,True,-2.3831697890841697,G1_ELIGIBLE
trial_0015_bite_010_transfer,trial_0015_bite_010,trial_0015,transfer,0,10118,0.0,0.0,True,-2.7499772555074222,G1_ELIGIBLE
trial_0015_bite_010_withdrawal,trial_0015_bite_010,trial_0015,withdrawal,0,10308,0.0,0.0,True,-2.521782406924452,G1_ELIGIBLE
trial_0015_bite_011_transfer,trial_0015_bite_011,trial_0015,transfer,0,10876,0.0,0.0,True,-2.764062843309211,G1_ELIGIBLE
trial_0015_bite_011_withdrawal,trial_0015_bite_011,trial_0015,withdrawal,0,11047,0.0,0.0,True,-2.513135206748882,G1_ELIGIBLE
trial_0015_bite_012_transfer,trial_0015_bite_012,trial_0015,transfer,0,11648,0.0,0.0,False,,NO_VALID_INITIAL_PSI
trial_0015_bite_012_withdrawal,trial_0015_bite_012,trial_0015,withdrawal,0,11867,0.0,0.0,True,-2.4816285049318956,G1_ELIGIBLE
trial_0015_bite_013_transfer,trial_0015_bite_013,trial_0015,transfer,0,12965,0.0,0.0,True,-2.8463832602199717,G1_ELIGIBLE
trial_0015_bite_013_withdrawal,trial_0015_bite_013,trial_0015,withdrawal,0,13152,0.0,0.0,True,-2.6036395936213537,G1_ELIGIBLE
trial_0015_bite_014_transfer,trial_0015_bite_014,trial_0015,transfer,0,14397,0.0,0.0,True,-2.720480500733788,G1_ELIGIBLE
trial_0015_bite_014_withdrawal,trial_0015_bite_014,trial_0015,withdrawal,0,14544,0.0,0.0,True,-2.5091410958964606,G1_ELIGIBLE
trial_0015_bite_015_transfer,trial_0015_bite_015,trial_0015,transfer,0,15715,0.0,0.0,True,-2.800920644027646,G1_ELIGIBLE
trial_0015_bite_015_withdrawal,trial_0015_bite_015,trial_0015,withdrawal,0,15865,0.0,0.0,True,-2.5886156291398144,G1_ELIGIBLE
trial_0015_bite_016_transfer,trial_0015_bite_016,trial_0015,transfer,0,17090,0.0,0.0,True,-2.7715154424868516,G1_ELIGIBLE
trial_0015_bite_016_withdrawal,trial_0015_bite_016,trial_0015,withdrawal,0,17285,0.0,0.0,True,-2.7015840381493548,G1_ELIGIBLE
trial_0015_bite_017_transfer,trial_0015_bite_017,trial_0015,transfer,0,18318,0.0,0.0,True,-2.695725717669326,G1_ELIGIBLE
trial_0015_bite_017_withdrawal,trial_0015_bite_017,trial_0015,withdrawal,0,18510,0.0,0.0,True,-2.7148519319925573,G1_ELIGIBLE
trial_0015_bite_018_transfer,trial_0015_bite_018,trial_0015,transfer,0,19527,0.0,0.0,True,-2.8991446407569756,G1_ELIGIBLE
trial_0015_bite_018_withdrawal,trial_0015_bite_018,trial_0015,withdrawal,0,19719,0.0,0.0,True,-2.7450120645988925,G1_ELIGIBLE
trial_0015_bite_019_transfer,trial_0015_bite_019,trial_0015,transfer,0,20623,0.0,0.0,True,-2.9323915220915553,G1_ELIGIBLE
trial_0015_bite_019_withdrawal,trial_0015_bite_019,trial_0015,withdrawal,0,20855,0.0,0.0,True,-2.607126173811183,G1_ELIGIBLE
trial_0017_bite_001_transfer,trial_0017_bite_001,trial_0017,transfer,0,852,0.0,0.0,True,-2.8472487194214,G1_ELIGIBLE
trial_0017_bite_001_withdrawal,trial_0017_bite_001,trial_0017,withdrawal,0,1197,0.0,0.0,True,-2.569195572093803,G1_ELIGIBLE
trial_0017_bite_002_transfer,trial_0017_bite_002,trial_0017,transfer,0,2587,0.0,0.0,True,-3.0518796115720064,G1_ELIGIBLE
trial_0017_bite_002_withdrawal,trial_0017_bite_002,trial_0017,withdrawal,0,2861,0.0,0.0,True,-2.6014308459130007,G1_ELIGIBLE
trial_0017_bite_003_transfer,trial_0017_bite_003,trial_0017,transfer,0,4851,0.0,0.0,False,,NO_VALID_INITIAL_PSI
trial_0017_bite_003_withdrawal,trial_0017_bite_003,trial_0017,withdrawal,0,5095,0.0,0.0,True,-2.63604986401756,G1_ELIGIBLE
trial_0017_bite_004_transfer,trial_0017_bite_004,trial_0017,transfer,0,7937,0.0,0.0,False,,NO_VALID_INITIAL_PSI
trial_0017_bite_004_withdrawal,trial_0017_bite_004,trial_0017,withdrawal,0,8225,0.0,0.0,True,-2.69717492009407,G1_ELIGIBLE
trial_0017_bite_005_transfer,trial_0017_bite_005,trial_0017,transfer,0,10116,0.0,0.0,True,-2.8970748216622018,G1_ELIGIBLE
trial_0017_bite_005_withdrawal,trial_0017_bite_005,trial_0017,withdrawal,0,10395,0.0,0.0,True,-2.6922959206091432,G1_ELIGIBLE
trial_0017_bite_006_transfer,trial_0017_bite_006,trial_0017,transfer,0,11921,0.0,0.0,True,-2.911077811093604,G1_ELIGIBLE
trial_0017_bite_006_withdrawal,trial_0017_bite_006,trial_0017,withdrawal,0,12161,0.0,0.0,True,-2.6984690372805895,G1_ELIGIBLE
trial_0017_bite_007_transfer,trial_0017_bite_007,trial_0017,transfer,0,14911,0.0,0.0,True,-2.904577829808959,G1_ELIGIBLE
trial_0017_bite_007_withdrawal,trial_0017_bite_007,trial_0017,withdrawal,0,15202,0.0,0.0,True,-2.682316299876283,G1_ELIGIBLE
trial_0017_bite_008_transfer,trial_0017_bite_008,trial_0017,transfer,0,17286,0.0,0.0,False,,NO_VALID_INITIAL_PSI
trial_0017_bite_008_withdrawal,trial_0017_bite_008,trial_0017,withdrawal,0,17543,0.0,0.0,True,-2.699304669952384,G1_ELIGIBLE
trial_0017_bite_009_transfer,trial_0017_bite_009,trial_0017,transfer,0,19892,0.0,0.0,True,-2.8976249111463406,G1_ELIGIBLE
trial_0017_bite_009_withdrawal,trial_0017_bite_009,trial_0017,withdrawal,0,20228,0.0,0.0,True,-2.70418398606866,G1_ELIGIBLE
trial_0017_bite_010_transfer,trial_0017_bite_010,trial_0017,transfer,0,23060,0.0,0.0,True,-2.781550125888625,G1_ELIGIBLE
trial_0017_bite_010_withdrawal,trial_0017_bite_010,trial_0017,withdrawal,0,23311,0.0,0.0,True,-2.6228347397088854,G1_ELIGIBLE
trial_0017_bite_011_transfer,trial_0017_bite_011,trial_0017,transfer,0,25576,0.0,0.0,True,-2.862037599828558,G1_ELIGIBLE
trial_0017_bite_011_withdrawal,trial_0017_bite_011,trial_0017,withdrawal,0,25825,0.0,0.0,True,-2.7254856148550126,G1_ELIGIBLE
trial_0017_bite_012_transfer,trial_0017_bite_012,trial_0017,transfer,0,27256,0.0,0.0,True,-2.809940862602272,G1_ELIGIBLE
trial_0017_bite_012_withdrawal,trial_0017_bite_012,trial_0017,withdrawal,0,27496,0.0,0.0,True,-2.7449985882840613,G1_ELIGIBLE
trial_0017_bite_013_transfer,trial_0017_bite_013,trial_0017,transfer,0,29016,0.0,0.0,True,-2.8962957248431604,G1_ELIGIBLE
trial_0017_bite_013_withdrawal,trial_0017_bite_013,trial_0017,withdrawal,0,29376,0.0,0.0,True,-2.7661029117624913,G1_ELIGIBLE
trial_0017_bite_014_transfer,trial_0017_bite_014,trial_0017,transfer,0,31974,0.0,0.0,True,-2.8165960231675338,G1_ELIGIBLE
trial_0017_bite_014_withdrawal,trial_0017_bite_014,trial_0017,withdrawal,0,32268,0.0,0.0,True,-2.7836209513032295,G1_ELIGIBLE
trial_0017_bite_015_transfer,trial_0017_bite_015,trial_0017,transfer,0,33904,0.0,0.0,True,-2.8573783570368456,G1_ELIGIBLE
trial_0017_bite_015_withdrawal,trial_0017_bite_015,trial_0017,withdrawal,0,34260,0.0,0.0,True,-2.8014532822568303,G1_ELIGIBLE
trial_0019_bite_001_transfer,trial_0019_bite_001,trial_0019,transfer,0,504,0.0,0.0,True,-2.988186891276124,G1_ELIGIBLE
trial_0019_bite_001_withdrawal,trial_0019_bite_001,trial_0019,withdrawal,0,677,0.0,0.0,True,-2.7909129997585036,G1_ELIGIBLE
trial_0019_bite_002_transfer,trial_0019_bite_002,trial_0019,transfer,0,1656,0.0,0.0,True,-2.9350756421443402,G1_ELIGIBLE
trial_0019_bite_002_withdrawal,trial_0019_bite_002,trial_0019,withdrawal,0,1840,0.0,0.0,True,-2.843251656251883,G1_ELIGIBLE
trial_0019_bite_003_transfer,trial_0019_bite_003,trial_0019,transfer,0,2769,0.0,0.0,True,-2.9962786062073814,G1_ELIGIBLE
trial_0019_bite_003_withdrawal,trial_0019_bite_003,trial_0019,withdrawal,0,2939,0.0,0.0,True,-2.8425905817895614,G1_ELIGIBLE
trial_0019_bite_004_transfer,trial_0019_bite_004,trial_0019,transfer,0,3845,0.0,0.0,True,-3.0363554508965405,G1_ELIGIBLE
trial_0019_bite_004_withdrawal,trial_0019_bite_004,trial_0019,withdrawal,0,4016,0.0,0.0,True,-2.802619632905162,G1_ELIGIBLE
trial_0019_bite_005_transfer,trial_0019_bite_005,trial_0019,transfer,0,4913,0.0,0.0,True,-3.0687221443388815,G1_ELIGIBLE
trial_0019_bite_005_withdrawal,trial_0019_bite_005,trial_0019,withdrawal,0,5080,0.0,0.0,True,-2.8772016696508897,G1_ELIGIBLE
trial_0019_bite_006_transfer,trial_0019_bite_006,trial_0019,transfer,0,5998,0.0,0.0,True,-2.8822864066815175,G1_ELIGIBLE
trial_0019_bite_006_withdrawal,trial_0019_bite_006,trial_0019,withdrawal,0,6167,0.0,0.0,True,-2.8599289787544966,G1_ELIGIBLE
trial_0019_bite_007_transfer,trial_0019_bite_007,trial_0019,transfer,0,6916,0.0,0.0,True,-3.014736615722066,G1_ELIGIBLE
trial_0019_bite_007_withdrawal,trial_0019_bite_007,trial_0019,withdrawal,0,7087,0.0,0.0,True,-2.9034092573489936,G1_ELIGIBLE
trial_0019_bite_008_transfer,trial_0019_bite_008,trial_0019,transfer,0,8443,0.0,0.0,True,-2.812606931580196,G1_ELIGIBLE
trial_0019_bite_008_withdrawal,trial_0019_bite_008,trial_0019,withdrawal,0,8605,0.0,0.0,True,-2.8291624867761676,G1_ELIGIBLE
trial_0019_bite_009_transfer,trial_0019_bite_009,trial_0019,transfer,0,9704,0.0,0.0,True,-2.9166817022941434,G1_ELIGIBLE
trial_0019_bite_009_withdrawal,trial_0019_bite_009,trial_0019,withdrawal,0,9888,0.0,0.0,True,-2.832560743288852,G1_ELIGIBLE
trial_0019_bite_010_transfer,trial_0019_bite_010,trial_0019,transfer,0,11936,0.0,0.0,True,-2.885216102125724,G1_ELIGIBLE
trial_0019_bite_010_withdrawal,trial_0019_bite_010,trial_0019,withdrawal,0,12115,0.0,0.0,True,-2.851625371768273,G1_ELIGIBLE
trial_0019_bite_011_transfer,trial_0019_bite_011,trial_0019,transfer,0,13153,0.0,0.0,True,-2.7976357684453292,G1_ELIGIBLE
trial_0019_bite_011_withdrawal,trial_0019_bite_011,trial_0019,withdrawal,0,13357,0.0,0.0,True,-2.8508966130120306,G1_ELIGIBLE
trial_0019_bite_012_transfer,trial_0019_bite_012,trial_0019,transfer,0,14161,0.0,0.0,True,-2.875092690467467,G1_ELIGIBLE
trial_0019_bite_012_withdrawal,trial_0019_bite_012,trial_0019,withdrawal,0,14329,0.0,0.0,True,-2.7856639957204665,G1_ELIGIBLE
trial_0019_bite_013_transfer,trial_0019_bite_013,trial_0019,transfer,0,15758,0.0,0.0,True,-2.905247207039649,G1_ELIGIBLE
trial_0019_bite_013_withdrawal,trial_0019_bite_013,trial_0019,withdrawal,0,15945,0.0,0.0,True,-2.7666514365491466,G1_ELIGIBLE
trial_0019_bite_014_transfer,trial_0019_bite_014,trial_0019,transfer,0,17682,0.0,0.0,True,-2.799805454412248,G1_ELIGIBLE
trial_0019_bite_014_withdrawal,trial_0019_bite_014,trial_0019,withdrawal,0,17896,0.0,0.0,True,-2.8025068166394713,G1_ELIGIBLE
trial_0019_bite_015_transfer,trial_0019_bite_015,trial_0019,transfer,0,19121,0.0,0.0,True,-2.8217588712924933,G1_ELIGIBLE
trial_0019_bite_015_withdrawal,trial_0019_bite_015,trial_0019,withdrawal,0,19286,0.0,0.0,True,-2.769490311589411,G1_ELIGIBLE
trial_0019_bite_016_transfer,trial_0019_bite_016,trial_0019,transfer,0,20481,0.0,0.0,True,-2.791296556549861,G1_ELIGIBLE
trial_0019_bite_016_withdrawal,trial_0019_bite_016,trial_0019,withdrawal,0,20676,0.0,0.0,True,-2.7131943571982315,G1_ELIGIBLE
trial_0019_bite_017_transfer,trial_0019_bite_017,trial_0019,transfer,0,21897,0.0,0.0,True,-2.7644937316818026,G1_ELIGIBLE
trial_0019_bite_017_withdrawal,trial_0019_bite_017,trial_0019,withdrawal,0,22059,0.0,0.0,True,-2.7297724000508925,G1_ELIGIBLE
trial_0019_bite_018_transfer,trial_0019_bite_018,trial_0019,transfer,0,23152,0.0,0.0,True,-2.7942859980212416,G1_ELIGIBLE
trial_0019_bite_018_withdrawal,trial_0019_bite_018,trial_0019,withdrawal,0,23317,0.0,0.0,True,-2.701770369999905,G1_ELIGIBLE
trial_0019_bite_019_transfer,trial_0019_bite_019,trial_0019,transfer,0,24712,0.0,0.0,True,-2.7784563736816335,G1_ELIGIBLE
trial_0019_bite_019_withdrawal,trial_0019_bite_019,trial_0019,withdrawal,0,24874,0.0,0.0,True,-2.8083444319521345,G1_ELIGIBLE
trial_0019_bite_020_transfer,trial_0019_bite_020,trial_0019,transfer,0,26044,0.0,0.0,True,-2.843664211193059,G1_ELIGIBLE
trial_0019_bite_020_withdrawal,trial_0019_bite_020,trial_0019,withdrawal,0,26229,0.0,0.0,True,-2.729646494868438,G1_ELIGIBLE
trial_0019_bite_021_transfer,trial_0019_bite_021,trial_0019,transfer,0,27289,0.0,0.0,True,-2.8565848750503298,G1_ELIGIBLE
trial_0019_bite_021_withdrawal,trial_0019_bite_021,trial_0019,withdrawal,0,27492,0.0,0.0,True,-2.79854154366331,G1_ELIGIBLE
trial_0019_bite_022_transfer,trial_0019_bite_022,trial_0019,transfer,0,28386,0.0,0.0,True,-2.8295056140595025,G1_ELIGIBLE
trial_0019_bite_022_withdrawal,trial_0019_bite_022,trial_0019,withdrawal,0,28568,0.0,0.0,True,-2.7136212731307947,G1_ELIGIBLE
trial_0019_bite_023_transfer,trial_0019_bite_023,trial_0019,transfer,0,29567,0.0,0.0,True,-2.8361765859876575,G1_ELIGIBLE
trial_0019_bite_023_withdrawal,trial_0019_bite_023,trial_0019,withdrawal,0,29739,0.0,0.0,True,-2.783856829147836,G1_ELIGIBLE
trial_0019_bite_024_transfer,trial_0019_bite_024,trial_0019,transfer,0,31073,0.0,0.0,True,-2.775814229139555,G1_ELIGIBLE
trial_0019_bite_024_withdrawal,trial_0019_bite_024,trial_0019,withdrawal,0,31268,0.0,0.0,True,-2.8105711353481917,G1_ELIGIBLE
trial_0019_bite_025_transfer,trial_0019_bite_025,trial_0019,transfer,0,32394,0.0,0.0,True,-2.7985449425916857,G1_ELIGIBLE
trial_0019_bite_025_withdrawal,trial_0019_bite_025,trial_0019,withdrawal,0,32719,0.0,0.0,True,-2.740260899332092,G1_ELIGIBLE
trial_0019_bite_026_transfer,trial_0019_bite_026,trial_0019,transfer,0,34117,0.0,0.0,True,-2.8132614135146397,G1_ELIGIBLE
trial_0019_bite_026_withdrawal,trial_0019_bite_026,trial_0019,withdrawal,0,34339,0.0,0.0,True,-2.736428869107475,G1_ELIGIBLE
trial_0020_bite_001_transfer,trial_0020_bite_001,trial_0020,transfer,0,759,0.0,0.0,True,-2.8328367575221365,G1_ELIGIBLE
trial_0020_bite_001_withdrawal,trial_0020_bite_001,trial_0020,withdrawal,0,928,0.0,0.0,True,-2.5634096581218455,G1_ELIGIBLE
trial_0020_bite_002_transfer,trial_0020_bite_002,trial_0020,transfer,0,1796,0.0,0.0,True,-2.88091284230733,G1_ELIGIBLE
trial_0020_bite_002_withdrawal,trial_0020_bite_002,trial_0020,withdrawal,0,1997,0.0,0.0,True,-2.618492503777259,G1_ELIGIBLE
trial_0020_bite_003_transfer,trial_0020_bite_003,trial_0020,transfer,0,3100,0.0,0.0,True,-2.896343846356786,G1_ELIGIBLE
trial_0020_bite_003_withdrawal,trial_0020_bite_003,trial_0020,withdrawal,0,3271,0.0,0.0,True,-2.742518577669315,G1_ELIGIBLE
trial_0020_bite_004_transfer,trial_0020_bite_004,trial_0020,transfer,0,6336,0.0,0.0,True,-2.7880712746427596,G1_ELIGIBLE
trial_0020_bite_004_withdrawal,trial_0020_bite_004,trial_0020,withdrawal,0,6498,0.0,0.0,True,-2.603634834750477,G1_ELIGIBLE
trial_0020_bite_005_transfer,trial_0020_bite_005,trial_0020,transfer,0,9747,0.0,0.0,True,-2.776950915898276,G1_ELIGIBLE
trial_0020_bite_005_withdrawal,trial_0020_bite_005,trial_0020,withdrawal,0,9939,0.0,0.0,True,-2.6695698949637237,G1_ELIGIBLE
trial_0020_bite_006_transfer,trial_0020_bite_006,trial_0020,transfer,0,11328,0.0,0.0,True,-2.8795022637765215,G1_ELIGIBLE
trial_0020_bite_006_withdrawal,trial_0020_bite_006,trial_0020,withdrawal,0,11477,0.0,0.0,True,-2.694975854435144,G1_ELIGIBLE
trial_0020_bite_007_transfer,trial_0020_bite_007,trial_0020,transfer,0,12143,0.0,0.0,True,-3.015059858799961,G1_ELIGIBLE
trial_0020_bite_007_withdrawal,trial_0020_bite_007,trial_0020,withdrawal,0,12318,0.0,0.0,True,-2.6803614587621523,G1_ELIGIBLE
trial_0020_bite_008_transfer,trial_0020_bite_008,trial_0020,transfer,0,13051,0.0,0.0,True,-2.928956052114315,G1_ELIGIBLE
trial_0020_bite_008_withdrawal,trial_0020_bite_008,trial_0020,withdrawal,0,13221,0.0,0.0,True,-2.6996944959616807,G1_ELIGIBLE
trial_0020_bite_009_transfer,trial_0020_bite_009,trial_0020,transfer,0,13938,0.0,0.0,True,-2.941044959757458,G1_ELIGIBLE
trial_0020_bite_009_withdrawal,trial_0020_bite_009,trial_0020,withdrawal,0,14068,0.0,0.0,True,-2.73354883321176,G1_ELIGIBLE
trial_0020_bite_010_transfer,trial_0020_bite_010,trial_0020,transfer,0,14619,0.0,0.0,True,-2.9589340823165835,G1_ELIGIBLE
trial_0020_bite_010_withdrawal,trial_0020_bite_010,trial_0020,withdrawal,0,14821,0.0,0.0,True,-2.7600784042406215,G1_ELIGIBLE
trial_0020_bite_011_transfer,trial_0020_bite_011,trial_0020,transfer,0,15712,0.0,0.0,True,-2.9405353604271376,G1_ELIGIBLE
trial_0020_bite_011_withdrawal,trial_0020_bite_011,trial_0020,withdrawal,0,15885,0.0,0.0,True,-2.714392293684172,G1_ELIGIBLE
trial_0020_bite_012_transfer,trial_0020_bite_012,trial_0020,transfer,0,16583,0.0,0.0,True,-2.9618564562012892,G1_ELIGIBLE
trial_0020_bite_012_withdrawal,trial_0020_bite_012,trial_0020,withdrawal,0,16737,0.0,0.0,True,-2.7285423896011145,G1_ELIGIBLE
trial_0020_bite_013_transfer,trial_0020_bite_013,trial_0020,transfer,0,18546,0.0,0.0,True,-2.8361212946204537,G1_ELIGIBLE
trial_0020_bite_013_withdrawal,trial_0020_bite_013,trial_0020,withdrawal,0,18705,0.0,0.0,True,-2.7058884616331214,G1_ELIGIBLE
trial_0020_bite_014_transfer,trial_0020_bite_014,trial_0020,transfer,0,20099,0.0,0.0,True,-2.8715683070961133,G1_ELIGIBLE
trial_0020_bite_014_withdrawal,trial_0020_bite_014,trial_0020,withdrawal,0,20271,0.0,0.0,True,-2.698142584136299,G1_ELIGIBLE
trial_0020_bite_015_transfer,trial_0020_bite_015,trial_0020,transfer,0,22041,0.0,0.0,True,-2.8167783137671427,G1_ELIGIBLE
trial_0020_bite_015_withdrawal,trial_0020_bite_015,trial_0020,withdrawal,0,22401,0.0,0.0,True,-2.6459579463353187,G1_ELIGIBLE
trial_0020_bite_016_transfer,trial_0020_bite_016,trial_0020,transfer,0,29501,0.0,0.0,True,-2.786210756478367,G1_ELIGIBLE
trial_0020_bite_016_withdrawal,trial_0020_bite_016,trial_0020,withdrawal,0,29704,0.0,0.0,True,-2.651808125678645,G1_ELIGIBLE
trial_0020_bite_017_transfer,trial_0020_bite_017,trial_0020,transfer,0,32182,0.0,0.0,False,,NO_VALID_INITIAL_PSI
trial_0020_bite_017_withdrawal,trial_0020_bite_017,trial_0020,withdrawal,0,32336,0.0,0.0,True,-2.722567700525891,G1_ELIGIBLE
trial_0020_bite_018_transfer,trial_0020_bite_018,trial_0020,transfer,0,34746,0.0,0.0,True,-2.8739019821130394,G1_ELIGIBLE
trial_0020_bite_018_withdrawal,trial_0020_bite_018,trial_0020,withdrawal,0,34965,0.0,0.0,True,-2.754843789152075,G1_ELIGIBLE
trial_0020_bite_019_transfer,trial_0020_bite_019,trial_0020,transfer,0,36384,0.0,0.0,False,,NO_VALID_INITIAL_PSI
trial_0020_bite_019_withdrawal,trial_0020_bite_019,trial_0020,withdrawal,0,36527,0.0,0.0,True,-2.6522521488205735,G1_ELIGIBLE
